Epoch,LR,Loss_Total,Loss_CASSI,Loss_RGB,Val_PSNR,Val_SSIM,Val_SAM,Duration_Sec
1,0.001000,14.994480,13.599126,0.069768,8.4014,0.1700,74.3848,11.66
2,0.001000,4.893633,4.487306,0.020332,8.3449,0.1662,88.7418,12.24
3,0.001000,3.358490,3.023046,0.016799,10.7864,0.1759,76.1214,12.18
4,0.001000,1.601189,1.403484,0.009909,11.7593,0.1698,72.2738,12.23
5,0.001000,1.344782,1.173690,0.008582,12.3594,0.1663,67.3540,11.97
6,0.001000,1.208283,1.036265,0.008635,12.9303,0.1657,62.2031,12.07
7,0.001000,0.983318,0.845807,0.006908,13.3295,0.1675,59.9366,11.87
8,0.001000,0.746102,0.628132,0.005931,14.1046,0.1801,61.5808,11.98
9,0.001000,0.618241,0.504256,0.005736,14.7808,0.1939,61.0310,12.47
10,0.001000,0.539135,0.428007,0.005596,15.4593,0.2116,58.3771,12.29
11,0.001000,0.488172,0.388194,0.005039,15.8742,0.2238,57.5403,11.81
12,0.001000,0.451984,0.355966,0.004843,15.9856,0.2393,55.0222,11.74
13,0.001000,0.405362,0.313304,0.004647,16.4511,0.2533,53.2406,12.23
14,0.001000,0.364243,0.277948,0.004360,16.7175,0.2553,52.8916,12.31
15,0.001000,0.355522,0.269253,0.004362,16.9854,0.2619,53.0268,12.03
16,0.001000,0.324633,0.244990,0.004030,17.1741,0.2702,52.0117,12.24
17,0.001000,0.314677,0.233323,0.004120,17.3901,0.2785,51.0251,12.00
18,0.001000,0.295466,0.219271,0.003862,17.5441,0.2849,49.5017,12.00
19,0.001000,0.285556,0.210199,0.003822,17.7135,0.2917,50.2370,12.10
20,0.001000,0.268874,0.197786,0.003609,17.8462,0.3030,48.7914,12.03
21,0.001000,0.260256,0.189987,0.003570,18.0001,0.3083,47.7265,11.86
22,0.001000,0.261409,0.193408,0.003458,18.0063,0.3096,48.5641,12.09
23,0.001000,0.247260,0.182934,0.003273,18.0724,0.2985,51.8097,12.25
24,0.001000,0.250716,0.188749,0.003156,18.1379,0.2986,48.7434,12.11
25,0.001000,0.234142,0.176671,0.002929,18.4476,0.3217,45.9287,12.24
26,0.001000,0.217427,0.164673,0.002691,18.4631,0.3226,46.2880,12.02
27,0.001000,0.218484,0.165943,0.002682,18.7115,0.3347,45.3124,11.90
28,0.001000,0.208432,0.160122,0.002468,18.8053,0.3407,48.3882,12.22
29,0.001000,0.221576,0.170741,0.002599,18.8770,0.3413,46.5114,12.28
30,0.001000,0.208369,0.157937,0.002581,18.9340,0.3274,44.6572,12.06
31,0.001000,0.191973,0.146772,0.002315,19.1814,0.3328,44.2212,11.73
32,0.001000,0.195609,0.152233,0.002223,19.3779,0.3587,43.2593,12.02
33,0.001000,0.172308,0.132924,0.002020,19.4738,0.3652,45.7517,12.24
34,0.001000,0.200534,0.158545,0.002156,19.5914,0.3571,41.5264,12.22
35,0.001000,0.184554,0.143669,0.002101,19.5807,0.3519,43.5820,12.01
36,0.001000,0.176427,0.137653,0.001994,19.4955,0.3382,46.0307,11.97
37,0.001000,0.197512,0.156438,0.002114,19.7364,0.3731,41.7770,11.94
38,0.001000,0.170996,0.133020,0.001956,19.8006,0.3577,40.6384,12.38
39,0.001000,0.172041,0.135153,0.001902,20.0270,0.3711,39.8145,12.25
40,0.001000,0.162647,0.126988,0.001840,20.1026,0.3846,44.0576,12.16
41,0.001000,0.157011,0.124603,0.001673,20.3516,0.4001,40.6879,12.12
42,0.001000,0.155772,0.124126,0.001635,20.4576,0.3935,39.2565,12.08
43,0.001000,0.145778,0.114901,0.001597,20.4685,0.3945,39.6781,12.18
44,0.001000,0.144010,0.114136,0.001546,20.6859,0.4094,38.3509,12.32
45,0.001000,0.127629,0.100102,0.001426,20.7627,0.4080,38.9104,12.38
46,0.001000,0.128453,0.101966,0.001373,20.7794,0.4049,38.5043,12.18
47,0.001000,0.122304,0.097071,0.001309,21.0920,0.4104,36.7624,11.91
48,0.001000,0.130011,0.104004,0.001351,20.9963,0.4029,44.7816,11.90
49,0.001000,0.141248,0.115627,0.001332,21.0698,0.4176,40.7205,11.95
50,0.001000,0.134792,0.109363,0.001323,21.2179,0.4279,37.6518,11.84
51,0.001000,0.114470,0.092581,0.001140,21.1080,0.4034,38.7929,12.13
52,0.001000,0.109952,0.089550,0.001063,21.2565,0.4086,39.9218,12.19
53,0.001000,0.107966,0.088399,0.001020,21.5259,0.4335,36.5196,12.28
54,0.001000,0.126764,0.105816,0.001093,21.5363,0.4324,35.4731,12.38
55,0.001000,0.113253,0.091885,0.001116,21.4914,0.4466,36.5964,11.63
56,0.001000,0.105088,0.085743,0.001011,21.8457,0.4530,36.4699,12.02
57,0.001000,0.104328,0.085342,0.000993,21.9970,0.4564,34.3677,12.01
58,0.001000,0.106205,0.088691,0.000917,21.9891,0.4473,37.1349,11.89
59,0.001000,0.099415,0.083253,0.000847,22.0584,0.4640,34.8559,12.07
60,0.001000,0.145416,0.124549,0.001095,20.6642,0.3881,43.7198,12.24
61,0.001000,0.127773,0.103412,0.001279,21.5347,0.4197,37.0940,12.32
62,0.001000,0.113271,0.091928,0.001121,21.7659,0.4369,38.5382,12.31
63,0.001000,0.111274,0.090460,0.001094,21.7813,0.4376,38.9728,10.50
64,0.001000,0.105556,0.084800,0.001092,22.1929,0.4486,35.0909,10.15
65,0.001000,0.091828,0.075411,0.000865,22.3680,0.4698,35.7419,10.22
66,0.001000,0.092324,0.077278,0.000793,22.4517,0.4617,31.6972,10.35
67,0.001000,0.104931,0.089131,0.000834,22.2206,0.4550,33.7198,9.98
68,0.001000,0.125005,0.107520,0.000923,22.0712,0.4371,31.7921,10.22
69,0.001000,0.140923,0.120710,0.001068,22.0350,0.4402,32.4219,10.35
70,0.001000,0.120458,0.101963,0.000978,22.2060,0.4469,34.2578,10.06
71,0.001000,0.101959,0.086325,0.000828,22.4488,0.4770,34.0527,12.51
72,0.001000,0.115357,0.098780,0.000878,22.3928,0.4791,34.5061,12.21
73,0.001000,0.179741,0.154764,0.001324,20.2593,0.3853,41.7018,11.98
74,0.001000,0.129662,0.104629,0.001329,21.8641,0.4613,35.0443,11.93
75,0.001000,0.102929,0.083873,0.001012,22.4562,0.4785,32.6404,12.01
76,0.001000,0.083198,0.068472,0.000783,22.7127,0.4861,32.6522,12.26
77,0.001000,0.077705,0.064262,0.000715,22.8003,0.4917,32.6550,12.18
78,0.001000,0.075599,0.063173,0.000662,23.0157,0.4955,33.2090,12.39
79,0.001000,0.073840,0.062365,0.000612,23.1526,0.5044,30.9718,12.14
80,0.001000,0.070724,0.059657,0.000590,23.2288,0.5137,30.1635,12.21
81,0.001000,0.073077,0.062135,0.000584,23.1985,0.5128,30.5038,12.18
82,0.001000,0.069176,0.058249,0.000584,23.3170,0.5185,30.9594,12.45
83,0.001000,0.065168,0.055335,0.000526,23.4015,0.5245,30.2985,12.03
84,0.001000,0.067017,0.057038,0.000534,23.6302,0.5280,29.4865,12.36
85,0.001000,0.065736,0.055905,0.000527,23.6319,0.5278,30.7191,12.09
86,0.001000,0.073644,0.063111,0.000565,23.7131,0.5364,29.9411,12.00
87,0.001000,0.065353,0.055738,0.000516,23.6659,0.5171,33.0738,12.14
88,0.001000,0.064089,0.054481,0.000516,23.7741,0.5337,30.4537,12.00
89,0.001000,0.065626,0.056176,0.000508,23.7794,0.5352,29.4393,11.91
90,0.001000,0.061894,0.052902,0.000484,23.8306,0.5366,30.5576,12.12
91,0.001000,0.061365,0.051926,0.000508,23.8700,0.5355,29.7978,12.18
92,0.001000,0.062984,0.053929,0.000488,23.6241,0.5187,33.2058,12.27
93,0.001000,0.091531,0.079974,0.000623,23.5486,0.5099,28.1272,12.57
94,0.001000,0.123135,0.108962,0.000765,23.2575,0.5029,33.3313,12.71
95,0.001000,0.109317,0.093611,0.000849,23.0155,0.5185,34.8742,12.44
96,0.001000,0.105142,0.092433,0.000687,23.1422,0.5064,29.7124,12.42
97,0.001000,0.088432,0.075599,0.000694,22.9857,0.5061,30.6340,12.17
98,0.001000,0.077829,0.064887,0.000701,23.4270,0.5143,32.7049,12.39
99,0.001000,0.066850,0.056100,0.000583,23.8469,0.5413,29.6200,12.47
100,0.001000,0.061326,0.051995,0.000506,23.8874,0.5445,30.9109,12.01
101,0.001000,0.059659,0.051108,0.000464,23.9713,0.5432,31.5700,12.07
102,0.001000,0.097452,0.086760,0.000581,23.6810,0.5449,30.9277,12.27
103,0.001000,0.136527,0.120533,0.000870,22.6542,0.4848,30.0971,11.97
104,0.001000,0.189545,0.168292,0.001157,20.3036,0.4906,40.3958,11.95
105,0.001000,0.162543,0.137295,0.001376,20.3454,0.4626,43.7029,12.30
106,0.001000,0.192580,0.164523,0.001530,21.8776,0.4734,35.1686,12.25
107,0.001000,0.160969,0.134675,0.001435,22.4697,0.4834,34.7568,12.35
108,0.001000,0.122304,0.104270,0.000985,22.9515,0.5146,34.2775,12.05
109,0.001000,0.097270,0.081471,0.000864,23.3374,0.5266,31.2377,12.03
110,0.001000,0.071221,0.059295,0.000653,23.8126,0.5360,28.4655,12.14
111,0.001000,0.070842,0.059969,0.000596,23.7466,0.5442,27.8241,12.24
112,0.001000,0.060508,0.051081,0.000517,24.0149,0.5487,30.0326,12.04
113,0.001000,0.060336,0.050608,0.000534,24.1679,0.5537,29.5890,12.14
114,0.001000,0.057340,0.048297,0.000497,24.3213,0.5643,28.8449,12.27
115,0.001000,0.083093,0.073383,0.000534,24.0064,0.5473,32.4819,12.03
116,0.001000,0.095167,0.083814,0.000625,24.1003,0.5644,27.7233,12.03
117,0.001000,0.092288,0.081854,0.000575,23.7768,0.5136,29.5042,12.03
118,0.001000,0.106173,0.094183,0.000661,23.5319,0.5478,30.7365,11.94
119,0.001000,0.085223,0.074149,0.000611,24.0051,0.5501,31.9125,11.94
120,0.001000,0.055205,0.046540,0.000478,23.7513,0.5319,33.6838,12.32
121,0.001000,0.070608,0.061965,0.000478,24.3394,0.5701,27.6448,12.16
122,0.001000,0.073737,0.064958,0.000485,24.1079,0.5532,29.1724,12.24
123,0.001000,0.060675,0.051943,0.000483,24.3736,0.5715,27.6367,12.24
124,0.001000,0.061505,0.053435,0.000447,24.6028,0.5754,28.2929,12.14
125,0.001000,0.053770,0.046203,0.000420,24.6036,0.5692,30.3137,12.00
126,0.001000,0.049899,0.042915,0.000388,24.8301,0.5855,26.3758,11.97
127,0.001000,0.045790,0.039186,0.000367,24.8751,0.5870,25.9176,12.10
128,0.001000,0.046067,0.039871,0.000344,24.8726,0.5875,26.8360,12.32
129,0.001000,0.046869,0.040206,0.000371,24.8815,0.5917,27.0483,11.98
130,0.001000,0.058784,0.051346,0.000414,24.9981,0.5929,27.3818,12.21
131,0.001000,0.070304,0.062243,0.000449,24.7035,0.5589,25.5972,11.82
132,0.001000,0.064480,0.055187,0.000518,24.6228,0.5781,27.0379,12.06
133,0.001000,0.049286,0.041758,0.000420,24.7103,0.5787,29.4913,12.13
134,0.001000,0.044507,0.038087,0.000359,25.0157,0.5984,26.8437,12.17
135,0.001000,0.042580,0.036536,0.000338,25.1848,0.5988,26.8312,12.33
136,0.001000,0.041524,0.035685,0.000327,25.2705,0.6018,25.2166,11.99
137,0.001000,0.041446,0.035576,0.000329,25.3146,0.6063,26.1256,12.19
138,0.001000,0.040720,0.034977,0.000322,25.2474,0.6046,27.6295,11.93
139,0.001000,0.039612,0.033904,0.000320,25.2584,0.6106,27.0792,12.05
140,0.001000,0.039258,0.033701,0.000312,25.3398,0.6121,26.8148,11.84
141,0.001000,0.040092,0.034616,0.000308,25.3852,0.6094,26.0417,11.91
142,0.001000,0.040535,0.034721,0.000327,25.3845,0.6114,25.8781,12.17
143,0.001000,0.039439,0.033766,0.000320,25.4531,0.6125,26.4748,12.14
144,0.001000,0.038270,0.032820,0.000307,25.4798,0.6080,26.0376,11.83
145,0.001000,0.039500,0.033793,0.000322,25.5805,0.6143,25.0412,12.01
146,0.001000,0.040554,0.035115,0.000307,25.5029,0.6158,27.0090,11.98
147,0.001000,0.040544,0.035003,0.000313,25.5381,0.6191,25.9178,12.23
148,0.001000,0.044861,0.039135,0.000324,25.0164,0.6021,30.1458,12.12
149,0.001000,0.049492,0.043495,0.000340,25.4512,0.6092,25.3820,10.17
150,0.001000,0.050086,0.044052,0.000342,24.9324,0.5791,25.5069,11.60
151,0.001000,0.061899,0.055015,0.000391,25.2472,0.6049,25.9105,10.29
152,0.001000,0.074372,0.065858,0.000484,24.4925,0.5771,32.6717,10.05
153,0.001000,0.101844,0.092162,0.000550,24.4205,0.5830,25.2399,10.38
154,0.001000,0.167541,0.151382,0.000919,23.3839,0.5098,38.0629,10.14
155,0.001000,0.094457,0.082651,0.000672,23.8232,0.5578,30.2863,9.99
156,0.001000,0.095170,0.081518,0.000778,23.1687,0.5386,32.6744,9.98
157,0.001000,0.061375,0.051149,0.000583,24.7291,0.5746,28.7020,10.41
158,0.001000,0.048701,0.040814,0.000450,24.9931,0.6006,26.5225,10.15
159,0.001000,0.041714,0.035541,0.000353,25.0826,0.6094,27.3786,10.28
160,0.001000,0.039634,0.034154,0.000314,25.5812,0.6125,25.5604,10.13
161,0.001000,0.037953,0.032809,0.000295,25.5647,0.6219,26.8709,10.24
162,0.001000,0.038061,0.032947,0.000293,25.6362,0.6247,25.9221,10.14
163,0.001000,0.037515,0.032457,0.000290,25.6434,0.6272,25.9545,12.31
164,0.001000,0.036979,0.031974,0.000287,25.7886,0.6313,25.1578,12.27
165,0.001000,0.035930,0.030885,0.000290,25.8487,0.6338,25.1842,12.15
166,0.001000,0.035532,0.030642,0.000281,25.9050,0.6346,24.8548,12.27
167,0.001000,0.037850,0.032872,0.000287,25.8880,0.6381,25.5321,12.46
168,0.001000,0.034366,0.029554,0.000277,25.9272,0.6306,26.2835,12.06
169,0.001000,0.036406,0.031411,0.000288,25.9426,0.6342,26.4223,11.99
170,0.001000,0.036034,0.031268,0.000275,25.9724,0.6313,27.1544,11.93
171,0.001000,0.036203,0.031267,0.000285,25.9132,0.6335,26.0882,12.34
172,0.001000,0.033704,0.028932,0.000276,25.8876,0.6280,27.5228,11.94
173,0.001000,0.035179,0.030064,0.000296,25.9699,0.6403,25.9894,12.26
174,0.001000,0.034317,0.029592,0.000274,25.9055,0.6290,27.8389,12.24
175,0.001000,0.034331,0.029660,0.000271,26.1818,0.6453,24.3082,12.35
176,0.001000,0.032587,0.028023,0.000265,26.0767,0.6420,26.0385,11.95
177,0.001000,0.034379,0.029832,0.000264,25.8269,0.6313,28.2961,12.07
178,0.001000,0.033051,0.028391,0.000271,26.0085,0.6345,27.4398,11.97
179,0.001000,0.034776,0.030031,0.000276,26.0869,0.6346,27.8448,12.00
180,0.001000,0.036016,0.031045,0.000290,26.0713,0.6490,25.0457,11.99
181,0.001000,0.044037,0.038691,0.000312,25.9071,0.6368,25.4492,11.94
182,0.001000,0.038226,0.033117,0.000298,25.9380,0.6381,26.0574,11.96
183,0.001000,0.042734,0.037366,0.000314,25.9396,0.6486,25.6563,12.34
184,0.001000,0.062776,0.056617,0.000360,25.9098,0.6318,26.1657,12.19
185,0.001000,0.058384,0.051571,0.000399,25.7016,0.6244,24.8820,12.12
186,0.001000,0.052548,0.046310,0.000365,25.4186,0.6098,25.8594,11.89
187,0.001000,0.042330,0.036658,0.000333,25.5468,0.6183,26.4671,12.13
188,0.001000,0.040570,0.034953,0.000330,25.9210,0.6484,24.4425,12.17
189,0.001000,0.035867,0.031081,0.000281,26.0492,0.6422,26.1599,12.07
190,0.001000,0.034223,0.029904,0.000254,26.2276,0.6504,24.9331,12.26
191,0.001000,0.030923,0.026654,0.000251,26.2524,0.6524,23.9636,12.08
192,0.001000,0.032216,0.028034,0.000246,26.3783,0.6565,24.5105,11.71
193,0.001000,0.033196,0.028907,0.000253,26.4035,0.6543,25.1919,12.10
194,0.001000,0.031367,0.027284,0.000241,26.3111,0.6546,24.9039,11.92
195,0.001000,0.034875,0.030520,0.000257,26.3292,0.6597,23.9167,11.83
196,0.001000,0.054072,0.048653,0.000320,26.1769,0.6344,24.2462,12.03
197,0.001000,0.075038,0.067544,0.000444,25.7698,0.6271,25.1514,12.08
198,0.001000,0.147818,0.134568,0.000785,23.7668,0.5647,33.4328,12.34
199,0.001000,0.095743,0.080472,0.000906,22.9959,0.5601,36.2897,12.26
200,0.001000,0.064554,0.053794,0.000639,25.0940,0.6175,28.3816,11.80
201,0.001000,0.049667,0.042556,0.000422,25.4603,0.6181,29.0440,12.04
202,0.001000,0.053508,0.047097,0.000381,25.7483,0.6339,25.1299,12.11
203,0.001000,0.043792,0.038481,0.000316,26.0103,0.6267,22.4768,11.94
204,0.001000,0.038471,0.033693,0.000285,26.1098,0.6442,23.7519,12.24
205,0.001000,0.037117,0.032408,0.000281,26.1460,0.6529,25.0154,12.11
206,0.001000,0.043982,0.038885,0.000304,26.1447,0.6503,23.9313,12.00
207,0.001000,0.042801,0.038061,0.000283,26.2508,0.6419,25.8395,11.96
208,0.001000,0.035075,0.030488,0.000274,26.3796,0.6552,24.3698,12.04
209,0.001000,0.031625,0.027325,0.000257,26.4650,0.6643,23.3075,11.92
210,0.001000,0.029423,0.025411,0.000240,26.5546,0.6649,23.3086,11.93
211,0.001000,0.028752,0.025025,0.000224,26.5086,0.6637,23.9163,11.92
212,0.001000,0.028339,0.024526,0.000229,26.5243,0.6695,23.8942,12.05
213,0.001000,0.030025,0.026017,0.000241,26.6685,0.6704,23.8515,12.55
214,0.001000,0.028193,0.024503,0.000222,26.6945,0.6707,24.5491,12.49
215,0.001000,0.027368,0.023728,0.000219,26.8103,0.6726,23.5045,12.24
216,0.001000,0.028046,0.024407,0.000219,26.7427,0.6713,23.9247,11.85
217,0.001000,0.028012,0.024308,0.000223,26.8204,0.6734,22.8995,12.17
218,0.001000,0.028383,0.024701,0.000222,26.7069,0.6724,23.7151,12.30
219,0.001000,0.029017,0.025331,0.000223,26.6749,0.6734,23.4572,12.27
220,0.001000,0.031093,0.027047,0.000245,26.8462,0.6721,21.8806,12.09
221,0.001000,0.031170,0.027228,0.000239,26.6044,0.6643,25.4134,12.14
222,0.001000,0.029684,0.025852,0.000232,26.7747,0.6761,24.3468,12.02
223,0.001000,0.027631,0.024121,0.000213,26.9037,0.6765,23.5626,12.05
224,0.001000,0.027336,0.023698,0.000221,26.9518,0.6789,22.4023,12.28
225,0.001000,0.027688,0.023819,0.000235,26.9584,0.6823,22.4446,12.07
226,0.001000,0.026022,0.022419,0.000219,26.8646,0.6806,23.8645,12.27
227,0.001000,0.026701,0.023239,0.000211,26.9315,0.6842,23.0927,12.23
228,0.001000,0.027389,0.023870,0.000215,26.9456,0.6826,23.5294,12.04
229,0.001000,0.029129,0.025365,0.000230,27.0237,0.6735,22.0679,12.24
230,0.001000,0.031385,0.027237,0.000253,26.8933,0.6798,24.1916,12.04
231,0.001000,0.028628,0.025077,0.000217,26.8450,0.6739,25.0818,12.27
232,0.001000,0.029258,0.025637,0.000222,26.9496,0.6803,24.4784,11.94
233,0.001000,0.027048,0.023531,0.000215,27.0007,0.6874,23.0507,12.10
234,0.001000,0.026187,0.022777,0.000209,27.0676,0.6889,22.4186,11.97
235,0.001000,0.026546,0.023077,0.000213,26.8423,0.6785,25.5620,12.01
236,0.001000,0.045441,0.040624,0.000296,25.0044,0.6470,31.4153,12.02
237,0.001000,0.104799,0.096383,0.000518,24.7197,0.6206,30.1428,12.21
238,0.001000,0.055701,0.047954,0.000477,25.8168,0.6416,26.1678,11.98
239,0.001000,0.039331,0.032878,0.000398,26.2380,0.6501,25.7010,12.10
240,0.001000,0.032420,0.027637,0.000295,26.6082,0.6706,23.8302,12.00
241,0.001000,0.029233,0.025416,0.000236,26.9460,0.6746,22.5351,12.09
242,0.001000,0.031298,0.027399,0.000241,26.7074,0.6769,23.5060,12.28
243,0.001000,0.031697,0.027900,0.000235,26.8888,0.6823,23.7294,12.28
244,0.001000,0.053853,0.048713,0.000318,26.8405,0.6755,23.4436,12.19
245,0.001000,0.037489,0.032888,0.000285,26.4985,0.6748,22.4373,11.97
246,0.001000,0.031489,0.027222,0.000265,26.7684,0.6856,22.8433,11.91
247,0.001000,0.033899,0.029883,0.000249,26.9609,0.6780,23.1209,12.18
248,0.001000,0.032525,0.028548,0.000247,26.6418,0.6691,23.7759,12.31
249,0.001000,0.037705,0.033693,0.000250,26.7879,0.6726,21.3151,11.84
250,0.001000,0.030718,0.027038,0.000229,26.7748,0.6837,22.3397,12.24
251,0.001000,0.027931,0.024517,0.000213,26.8260,0.6818,23.0693,11.93
252,0.001000,0.029889,0.026233,0.000228,27.0512,0.6798,21.7336,12.41
253,0.001000,0.029919,0.026277,0.000228,26.8304,0.6784,23.1104,12.13
254,0.001000,0.026345,0.023024,0.000208,27.0045,0.6887,22.9441,12.39
255,0.001000,0.026757,0.023283,0.000217,27.2114,0.6893,21.8190,12.05
256,0.001000,0.025888,0.022567,0.000208,27.2665,0.6958,22.1421,12.10
257,0.001000,0.027141,0.023733,0.000214,27.1629,0.6958,22.5840,11.89
258,0.001000,0.029029,0.025629,0.000213,27.3266,0.7012,22.0798,11.83
259,0.001000,0.026899,0.023534,0.000212,27.2161,0.6937,23.3725,12.04
260,0.001000,0.024861,0.021808,0.000192,27.3321,0.6946,23.3022,12.28
261,0.001000,0.028218,0.024931,0.000207,27.2809,0.6940,24.6600,12.29
262,0.001000,0.030507,0.027106,0.000214,27.1176,0.6872,24.7413,12.46
263,0.001000,0.026223,0.022891,0.000210,27.3460,0.6970,22.4671,12.05
264,0.001000,0.024951,0.021846,0.000196,27.4172,0.6979,22.2957,12.10
265,0.001000,0.024042,0.020989,0.000193,27.4504,0.6982,21.5043,12.05
266,0.001000,0.027953,0.024602,0.000212,27.2722,0.7012,21.8161,12.03
267,0.001000,0.024958,0.021669,0.000208,27.3404,0.6986,21.8154,12.07
268,0.001000,0.025050,0.021905,0.000199,27.1616,0.7042,21.6244,12.21
269,0.001000,0.027649,0.024427,0.000205,27.3673,0.7043,21.7700,12.20
270,0.001000,0.026467,0.023337,0.000199,27.2453,0.7027,22.5211,12.38
271,0.001000,0.024960,0.021746,0.000204,27.3369,0.7073,21.4531,12.22
272,0.001000,0.023092,0.020099,0.000191,27.4116,0.7039,22.3000,12.13
273,0.001000,0.025545,0.022550,0.000191,27.2858,0.7019,22.6638,12.29
274,0.001000,0.025494,0.022356,0.000200,27.1239,0.7012,22.8031,12.28
275,0.001000,0.026423,0.023231,0.000204,27.1807,0.6990,23.0128,12.19
276,0.001000,0.026420,0.023270,0.000201,27.5387,0.7004,21.0209,12.40
277,0.001000,0.025349,0.022105,0.000208,27.4994,0.6957,21.6682,12.23
278,0.001000,0.028040,0.024792,0.000208,27.2585,0.6947,20.9106,12.04
279,0.001000,0.041218,0.037088,0.000265,26.3771,0.6699,23.4952,12.29
280,0.001000,0.035351,0.030835,0.000290,26.6817,0.6796,23.8647,11.98
281,0.001000,0.029582,0.025840,0.000240,27.0686,0.6882,21.4483,12.00
282,0.001000,0.026583,0.023219,0.000216,27.3363,0.6970,21.3077,11.96
283,0.001000,0.026597,0.023323,0.000211,27.1596,0.6876,23.7253,12.05
284,0.001000,0.023110,0.020091,0.000195,27.5840,0.7052,21.3097,11.92
285,0.001000,0.022790,0.019895,0.000187,27.1740,0.7049,23.2282,12.05
286,0.001000,0.022008,0.019021,0.000193,27.6485,0.7153,21.4433,11.97
287,0.001000,0.021520,0.018652,0.000185,27.3175,0.7079,23.1712,12.32
288,0.001000,0.022777,0.019848,0.000190,27.5943,0.7136,22.5123,11.98
289,0.001000,0.022752,0.019902,0.000185,27.6738,0.7174,22.1204,12.18
290,0.001000,0.022552,0.019488,0.000199,27.7631,0.7145,20.7497,11.88
291,0.001000,0.022277,0.019257,0.000196,27.8382,0.7184,20.5062,12.27
292,0.001000,0.023303,0.020509,0.000182,27.2976,0.7112,22.4697,11.91
293,0.001000,0.030905,0.027480,0.000223,27.3979,0.7111,21.9822,11.65
294,0.001000,0.026841,0.023384,0.000225,27.5119,0.7104,21.5934,10.24
295,0.001000,0.027507,0.024092,0.000223,27.3778,0.6991,24.0621,10.20
296,0.001000,0.029105,0.025266,0.000250,27.4462,0.6979,26.2167,10.22
297,0.001000,0.046507,0.041912,0.000300,26.5095,0.6856,26.8200,10.20
298,0.001000,0.051691,0.046975,0.000308,26.6172,0.6831,25.2586,10.14
299,0.001000,0.033228,0.029647,0.000234,26.8930,0.6962,23.4933,9.98
300,0.000200,0.029511,0.026232,0.000215,27.0945,0.6955,23.9800,9.95
301,0.000200,0.023778,0.020975,0.000184,27.5578,0.7038,22.9811,10.15
302,0.000200,0.021969,0.019238,0.000179,27.7116,0.7149,21.5956,10.62
303,0.000200,0.021157,0.018542,0.000172,27.6801,0.7164,21.4743,10.20
304,0.000200,0.021617,0.018818,0.000184,27.7028,0.7178,21.8312,10.14
305,0.000200,0.020890,0.018275,0.000172,27.7582,0.7209,21.2753,9.83
306,0.000200,0.020698,0.018087,0.000172,27.7839,0.7211,21.0148,9.86
307,0.000200,0.021111,0.018407,0.000178,27.7260,0.7218,21.3442,10.24
308,0.000200,0.019893,0.017422,0.000163,27.8441,0.7230,21.0097,10.03
309,0.000200,0.019929,0.017430,0.000165,27.7261,0.7209,21.5707,10.13
310,0.000200,0.020268,0.017756,0.000166,27.8393,0.7237,21.0163,10.00
311,0.000200,0.019516,0.017072,0.000162,27.8060,0.7228,21.0989,10.12
312,0.000200,0.020091,0.017613,0.000164,27.8226,0.7238,21.0162,10.17
313,0.000200,0.019850,0.017427,0.000161,27.8112,0.7240,21.0343,10.17
314,0.000200,0.019801,0.017339,0.000164,27.8558,0.7248,21.0352,10.42
315,0.000200,0.019202,0.016834,0.000158,27.8212,0.7240,21.2227,12.33
316,0.000200,0.019359,0.016939,0.000161,27.9075,0.7255,20.9382,12.02
317,0.000200,0.019663,0.017206,0.000164,27.8765,0.7246,20.8286,12.34
318,0.000200,0.020132,0.017614,0.000168,27.8669,0.7250,21.0065,12.21
319,0.000200,0.019411,0.017046,0.000158,27.8842,0.7260,20.8733,11.85
320,0.000200,0.019898,0.017418,0.000166,27.9226,0.7245,20.7488,12.03
321,0.000200,0.020017,0.017545,0.000166,27.8198,0.7250,21.3031,12.22
322,0.000200,0.019853,0.017421,0.000163,27.8776,0.7246,20.9614,12.02
323,0.000200,0.019493,0.017080,0.000162,27.8953,0.7272,20.8106,12.24
324,0.000200,0.019155,0.016790,0.000159,27.9276,0.7265,20.8484,12.17
325,0.000200,0.018911,0.016581,0.000157,27.8463,0.7261,21.2709,11.98
326,0.000200,0.019501,0.017095,0.000162,27.9312,0.7269,20.8658,12.03
327,0.000200,0.019503,0.017047,0.000166,27.9159,0.7270,20.9356,11.89
328,0.000200,0.019551,0.017184,0.000160,27.9150,0.7281,20.7942,11.98
329,0.000200,0.019108,0.016755,0.000159,27.9270,0.7273,21.0331,11.95
330,0.000200,0.019712,0.017213,0.000169,27.8530,0.7265,21.2752,12.04
331,0.000200,0.019821,0.017347,0.000168,27.9289,0.7275,20.8515,11.85
332,0.000200,0.019918,0.017420,0.000169,27.8941,0.7279,21.1060,12.03
333,0.000200,0.019674,0.017284,0.000162,27.9049,0.7269,20.9796,12.42
334,0.000200,0.018686,0.016385,0.000156,27.8744,0.7276,21.3042,12.55
335,0.000200,0.019269,0.016909,0.000160,27.9773,0.7280,20.6404,12.43
336,0.000200,0.019387,0.016953,0.000166,27.9509,0.7279,20.9818,11.86
337,0.000200,0.018797,0.016530,0.000155,27.9215,0.7287,20.8704,12.04
338,0.000200,0.018665,0.016386,0.000155,27.9733,0.7297,20.7807,12.31
339,0.000200,0.019256,0.016889,0.000162,27.9431,0.7280,20.9676,12.24
340,0.000200,0.018938,0.016682,0.000154,27.9348,0.7285,20.9704,12.09
341,0.000200,0.019739,0.017390,0.000161,27.9747,0.7285,20.7639,12.18
342,0.000200,0.019724,0.017351,0.000163,27.9213,0.7282,21.3218,11.87
343,0.000200,0.019475,0.017050,0.000166,27.9978,0.7295,20.6253,12.13
344,0.000200,0.019023,0.016740,0.000157,27.9627,0.7293,21.1591,12.00
345,0.000200,0.019041,0.016680,0.000162,28.0193,0.7291,20.4685,12.18
346,0.000200,0.019505,0.017124,0.000164,28.0089,0.7303,20.7499,12.37
347,0.000200,0.019392,0.017075,0.000160,27.9984,0.7295,20.5028,11.93
348,0.000200,0.019957,0.017510,0.000169,28.0070,0.7298,20.7235,12.15
349,0.000200,0.018922,0.016657,0.000156,27.9277,0.7294,20.9485,12.12
350,0.000200,0.018597,0.016374,0.000154,28.0249,0.7308,20.8383,12.02
351,0.000200,0.019336,0.017035,0.000159,27.9899,0.7305,20.8600,12.09
352,0.000200,0.019509,0.017173,0.000162,27.9928,0.7306,20.9270,12.09
353,0.000200,0.018609,0.016352,0.000157,27.9376,0.7295,21.2313,12.35
354,0.000200,0.018298,0.016108,0.000152,28.0358,0.7319,20.6413,12.14
355,0.000200,0.019061,0.016717,0.000163,27.9140,0.7300,21.7170,11.93
356,0.000200,0.018772,0.016576,0.000153,27.9822,0.7314,20.6270,12.31
357,0.000200,0.018970,0.016664,0.000161,28.0229,0.7311,20.9429,12.11
358,0.000200,0.018722,0.016468,0.000157,27.9608,0.7316,20.7682,11.98
359,0.000200,0.018653,0.016403,0.000157,28.0316,0.7320,20.8914,11.88
360,0.000200,0.018515,0.016326,0.000153,28.0196,0.7306,20.6318,12.03
361,0.000200,0.018904,0.016640,0.000158,28.0008,0.7309,20.9683,11.96
362,0.000200,0.019031,0.016814,0.000155,28.1568,0.7318,20.2039,12.31
363,0.000200,0.019318,0.017070,0.000158,27.9885,0.7310,20.5825,12.32
364,0.000200,0.018668,0.016415,0.000158,27.9687,0.7311,20.8950,12.33
365,0.000200,0.018461,0.016250,0.000155,28.0702,0.7322,20.6199,12.08
366,0.000200,0.018601,0.016455,0.000151,27.9641,0.7315,21.2353,12.16
367,0.000200,0.018520,0.016278,0.000158,28.0082,0.7322,20.6633,12.52
368,0.000200,0.018353,0.016155,0.000155,28.0472,0.7335,21.0009,12.35
369,0.000200,0.018640,0.016435,0.000156,28.0599,0.7321,20.4413,12.64
370,0.000200,0.018483,0.016256,0.000157,28.0906,0.7326,20.8063,12.03
371,0.000200,0.018484,0.016285,0.000156,27.9846,0.7315,20.9559,10.38
372,0.000200,0.018328,0.016161,0.000153,28.0522,0.7337,20.8932,10.37
373,0.000200,0.018798,0.016593,0.000156,28.1523,0.7330,20.3471,10.21
374,0.000200,0.018955,0.016705,0.000160,27.9699,0.7318,21.4519,10.17
375,0.000200,0.018423,0.016285,0.000152,28.0860,0.7319,20.2944,10.18
376,0.000200,0.018699,0.016430,0.000161,28.1132,0.7340,20.6152,10.17
377,0.000200,0.018472,0.016308,0.000154,28.0720,0.7339,20.6852,10.43
378,0.000200,0.017928,0.015807,0.000151,28.0519,0.7329,20.9795,9.98
379,0.000200,0.018926,0.016735,0.000156,28.1168,0.7333,20.2040,9.93
380,0.000200,0.018964,0.016698,0.000162,28.0317,0.7329,21.1109,10.01
381,0.000200,0.018990,0.016811,0.000156,28.0736,0.7341,20.4833,10.14
382,0.000200,0.018263,0.016095,0.000155,28.0864,0.7354,20.7403,9.93
383,0.000200,0.018298,0.016197,0.000151,28.0271,0.7330,21.0194,10.05
384,0.000200,0.018173,0.016084,0.000150,28.1028,0.7342,20.6418,10.19
385,0.000200,0.017757,0.015708,0.000147,28.0352,0.7348,20.8720,10.20
386,0.000200,0.017988,0.015906,0.000150,28.0258,0.7351,21.1559,10.18
387,0.000200,0.019050,0.016803,0.000162,28.0365,0.7340,21.1455,10.01
388,0.000200,0.019005,0.016860,0.000155,28.1528,0.7331,20.2809,10.17
389,0.000200,0.018577,0.016404,0.000157,28.1563,0.7357,20.2546,10.16
390,0.000200,0.018572,0.016372,0.000159,28.0340,0.7338,21.4427,11.70
391,0.000200,0.017882,0.015835,0.000148,28.0985,0.7346,20.2448,12.21
392,0.000200,0.018280,0.016178,0.000152,28.0946,0.7360,20.8284,12.00
393,0.000200,0.017912,0.015801,0.000153,28.1199,0.7341,20.6339,12.23
394,0.000200,0.017380,0.015348,0.000148,28.0511,0.7367,20.9409,12.11
395,0.000200,0.017852,0.015805,0.000149,28.1524,0.7347,20.5076,12.33
396,0.000200,0.017654,0.015613,0.000149,28.1924,0.7363,20.3283,12.30
397,0.000200,0.017752,0.015717,0.000148,28.1413,0.7372,20.8201,12.21
398,0.000200,0.018002,0.015881,0.000155,28.0462,0.7351,21.0899,12.20
399,0.000200,0.017644,0.015600,0.000149,28.0588,0.7352,21.0539,11.99
400,0.000200,0.017832,0.015759,0.000152,28.1934,0.7370,20.3783,12.17
401,0.000200,0.017940,0.015868,0.000152,28.1564,0.7373,20.5979,12.21
402,0.000200,0.018052,0.016004,0.000150,28.1649,0.7374,20.3442,12.16
403,0.000200,0.017747,0.015709,0.000150,28.1480,0.7377,20.6176,12.21
404,0.000200,0.018333,0.016222,0.000155,28.0709,0.7373,20.7205,12.17
405,0.000200,0.017955,0.015839,0.000156,28.1744,0.7383,20.7108,12.19
406,0.000200,0.017599,0.015552,0.000151,28.1516,0.7378,20.7385,12.27
407,0.000200,0.017880,0.015840,0.000150,28.1223,0.7355,20.5531,12.18
408,0.000200,0.017723,0.015713,0.000148,28.1847,0.7378,20.5839,12.49
409,0.000200,0.017552,0.015555,0.000148,28.1646,0.7383,20.3990,12.51
410,0.000200,0.017386,0.015368,0.000149,28.1078,0.7364,21.3759,12.37
411,0.000200,0.018348,0.016228,0.000157,28.1808,0.7368,20.2932,11.97
412,0.000200,0.017272,0.015323,0.000144,28.1994,0.7381,20.4069,12.39
413,0.000200,0.018457,0.016340,0.000157,28.2359,0.7394,20.4578,12.53
414,0.000200,0.018163,0.016133,0.000151,28.1396,0.7400,20.6125,10.73
415,0.000200,0.018264,0.016225,0.000152,28.2020,0.7374,20.1372,10.14
416,0.000200,0.017460,0.015505,0.000146,28.2157,0.7384,20.4687,10.01
417,0.000200,0.018669,0.016610,0.000154,28.2241,0.7388,20.8920,10.31
418,0.000200,0.018061,0.016086,0.000147,28.0256,0.7366,21.3434,9.97
419,0.000200,0.018068,0.016007,0.000154,28.2476,0.7370,20.0210,9.98
420,0.000200,0.017650,0.015629,0.000151,28.1775,0.7386,20.6485,10.02
421,0.000200,0.018537,0.016407,0.000160,28.2164,0.7383,20.2112,10.20
422,0.000200,0.017381,0.015437,0.000146,28.2039,0.7391,20.8636,10.29
423,0.000200,0.017327,0.015359,0.000148,28.1025,0.7384,21.1107,10.19
424,0.000200,0.017450,0.015481,0.000148,28.1676,0.7381,20.7234,10.24
425,0.000200,0.017385,0.015388,0.000150,28.2511,0.7408,20.3116,10.34
426,0.000200,0.017133,0.015175,0.000148,28.1872,0.7403,20.7193,10.60
427,0.000200,0.017279,0.015365,0.000144,28.1337,0.7385,21.0215,10.37
428,0.000200,0.016987,0.015080,0.000144,28.2715,0.7415,20.2514,10.60
429,0.000200,0.017127,0.015191,0.000146,28.1404,0.7384,21.1207,9.92
430,0.000200,0.017185,0.015218,0.000149,28.2547,0.7400,20.2882,10.17
431,0.000200,0.018050,0.016024,0.000154,28.2600,0.7405,20.4791,10.22
432,0.000200,0.018321,0.016336,0.000151,28.1578,0.7415,20.5971,10.15
433,0.000200,0.018372,0.016284,0.000159,28.1599,0.7395,21.1749,10.38
434,0.000200,0.017593,0.015646,0.000148,28.2484,0.7406,20.3192,10.17
435,0.000200,0.017495,0.015494,0.000152,28.3211,0.7420,20.0208,10.19
436,0.000200,0.017419,0.015449,0.000150,28.2589,0.7414,20.5457,10.19
437,0.000200,0.018009,0.016006,0.000153,28.1668,0.7407,20.7253,10.45
438,0.000200,0.017644,0.015719,0.000147,28.1404,0.7376,21.4873,10.33
439,0.000200,0.018226,0.016286,0.000149,28.2991,0.7361,19.6800,10.40
440,0.000200,0.017937,0.015941,0.000153,28.2642,0.7425,20.5004,10.32
441,0.000200,0.017646,0.015701,0.000149,28.2795,0.7409,20.1772,10.22
442,0.000200,0.017120,0.015208,0.000147,28.3278,0.7425,20.0375,10.32
443,0.000200,0.017139,0.015250,0.000145,28.2322,0.7431,20.4674,10.33
444,0.000200,0.017368,0.015441,0.000148,28.2168,0.7423,20.9821,10.17
445,0.000200,0.017256,0.015359,0.000146,28.2537,0.7425,20.6819,10.20
446,0.000200,0.017243,0.015341,0.000147,28.2716,0.7420,20.0392,10.20
447,0.000200,0.017299,0.015378,0.000148,28.2479,0.7429,20.2511,10.08
448,0.000200,0.017481,0.015535,0.000151,28.2904,0.7427,20.3682,10.23
449,0.000200,0.017152,0.015278,0.000145,28.2944,0.7419,19.9465,10.39
450,0.000200,0.016979,0.015074,0.000148,28.2806,0.7430,20.9005,10.38
451,0.000200,0.016695,0.014878,0.000141,28.1164,0.7417,21.5086,10.43
452,0.000200,0.017894,0.015937,0.000152,28.1744,0.7420,20.7289,10.13
453,0.000200,0.018353,0.016352,0.000156,28.2797,0.7418,20.5920,10.23
454,0.000200,0.017624,0.015660,0.000153,28.2641,0.7441,20.3839,10.14
455,0.000200,0.016839,0.015004,0.000143,28.3000,0.7430,19.9808,10.18
456,0.000200,0.016918,0.015055,0.000146,28.2668,0.7438,20.5340,10.19
457,0.000200,0.016568,0.014731,0.000144,28.3886,0.7421,19.6352,10.23
458,0.000200,0.016769,0.014962,0.000142,28.3011,0.7436,20.7918,10.39
459,0.000200,0.017187,0.015377,0.000142,28.1463,0.7436,21.1317,10.11
460,0.000200,0.017028,0.015193,0.000144,28.2864,0.7439,20.3277,10.02
461,0.000200,0.016913,0.015042,0.000147,28.3401,0.7453,20.2668,10.32
462,0.000200,0.016365,0.014567,0.000142,28.3479,0.7446,20.4426,10.17
463,0.000200,0.016249,0.014461,0.000141,28.2161,0.7437,21.1553,10.23
464,0.000200,0.016482,0.014672,0.000143,28.2723,0.7457,20.4759,10.15
465,0.000200,0.017193,0.015391,0.000142,28.3552,0.7419,20.0095,10.18
466,0.000200,0.017495,0.015614,0.000149,28.3386,0.7452,19.8694,10.23
467,0.000200,0.016985,0.015195,0.000142,28.2574,0.7461,20.6141,10.42
468,0.000200,0.016854,0.015050,0.000143,28.3009,0.7439,20.0279,10.39
469,0.000200,0.017235,0.015367,0.000148,28.3555,0.7441,20.2069,10.38
470,0.000200,0.016395,0.014609,0.000142,28.3768,0.7460,19.8665,10.13
471,0.000200,0.016414,0.014632,0.000142,28.3801,0.7469,20.1457,10.09
472,0.000200,0.016497,0.014693,0.000144,28.3556,0.7460,20.3848,10.18
473,0.000200,0.016669,0.014884,0.000143,28.2078,0.7441,21.3495,10.17
474,0.000200,0.016662,0.014881,0.000142,28.4246,0.7468,20.1576,10.24
475,0.000200,0.016778,0.015020,0.000141,28.3197,0.7478,20.1671,9.91
476,0.000200,0.017980,0.016122,0.000149,28.4781,0.7455,19.6331,12.16
477,0.000200,0.016691,0.014934,0.000141,28.3649,0.7468,20.0393,12.36
478,0.000200,0.016576,0.014799,0.000143,28.3893,0.7472,20.3162,11.88
479,0.000200,0.016224,0.014476,0.000141,28.3592,0.7482,20.6791,12.08
480,0.000200,0.016501,0.014730,0.000143,28.4586,0.7465,19.4773,12.42
481,0.000200,0.016825,0.015041,0.000144,28.4578,0.7492,19.5407,12.34
482,0.000200,0.016668,0.014932,0.000140,28.4880,0.7481,19.5468,12.24
483,0.000200,0.017041,0.015176,0.000151,28.3506,0.7489,20.3374,12.49
484,0.000200,0.016404,0.014674,0.000140,28.4502,0.7491,20.3717,12.33
485,0.000200,0.016386,0.014653,0.000141,28.3641,0.7478,20.1045,12.31
486,0.000200,0.016123,0.014412,0.000139,28.3940,0.7465,20.1708,12.10
487,0.000200,0.016052,0.014327,0.000140,28.4159,0.7490,20.2798,12.12
488,0.000200,0.016658,0.014910,0.000142,28.2646,0.7446,21.8587,12.23
489,0.000200,0.016375,0.014619,0.000143,28.3340,0.7474,20.1891,12.13
490,0.000200,0.016404,0.014627,0.000145,28.3461,0.7485,20.1909,12.11
491,0.000200,0.015944,0.014254,0.000138,28.4809,0.7496,19.5222,12.21
492,0.000200,0.016557,0.014782,0.000145,28.4607,0.7487,19.7425,12.44
493,0.000200,0.016619,0.014894,0.000141,28.4150,0.7509,19.9668,12.52
494,0.000200,0.016307,0.014583,0.000141,28.4509,0.7508,20.1231,12.49
495,0.000200,0.016360,0.014656,0.000140,28.4125,0.7495,20.5584,12.43
496,0.000200,0.016413,0.014689,0.000142,28.4715,0.7504,19.8770,11.99
497,0.000200,0.016198,0.014496,0.000140,28.4805,0.7521,19.7606,12.48
498,0.000200,0.015823,0.014144,0.000139,28.4471,0.7511,20.5105,12.29
499,0.000200,0.016149,0.014471,0.000139,28.4228,0.7516,20.2634,12.15
500,0.000200,0.016230,0.014498,0.000143,28.4220,0.7499,20.4052,12.20
501,0.000200,0.015711,0.014053,0.000137,28.5144,0.7514,19.5347,12.21
502,0.000200,0.016134,0.014448,0.000140,28.4714,0.7519,19.7410,12.16
503,0.000200,0.016561,0.014771,0.000149,28.4128,0.7522,20.1862,12.07
504,0.000200,0.015920,0.014248,0.000139,28.4510,0.7504,20.2701,12.12
505,0.000200,0.015667,0.014028,0.000136,28.2782,0.7499,20.9678,12.20
506,0.000200,0.017464,0.015699,0.000147,28.4750,0.7492,19.6983,12.45
507,0.000200,0.018735,0.017022,0.000143,28.3506,0.7509,20.4186,12.32
508,0.000200,0.016622,0.014916,0.000143,28.4608,0.7500,19.6624,12.63
509,0.000200,0.015747,0.014099,0.000138,28.4088,0.7504,20.7724,12.54
510,0.000200,0.016157,0.014489,0.000140,28.4087,0.7515,20.3632,12.55
511,0.000200,0.016153,0.014456,0.000142,28.3543,0.7490,20.7366,12.28
512,0.000200,0.016232,0.014617,0.000136,28.5069,0.7483,19.1528,12.53
513,0.000200,0.017458,0.015727,0.000146,28.5536,0.7529,19.4761,12.12
514,0.000200,0.016779,0.015076,0.000143,28.4543,0.7520,20.7013,12.10
515,0.000200,0.016083,0.014428,0.000140,28.4344,0.7529,20.0151,12.28
516,0.000200,0.015672,0.014027,0.000139,28.4954,0.7546,19.5360,12.49
517,0.000200,0.015441,0.013823,0.000137,28.2679,0.7478,21.4559,12.52
518,0.000200,0.016299,0.014610,0.000143,28.3450,0.7520,21.1955,12.19
519,0.000200,0.016695,0.015014,0.000143,28.5663,0.7517,19.3147,12.17
520,0.000200,0.016630,0.014996,0.000139,28.3587,0.7529,19.6457,12.63
521,0.000200,0.017848,0.016197,0.000140,28.5829,0.7509,19.3010,12.42
522,0.000200,0.018546,0.016713,0.000156,28.4246,0.7481,19.9575,12.44
523,0.000200,0.016919,0.015156,0.000150,28.4768,0.7494,19.5731,12.67
524,0.000200,0.016530,0.014899,0.000139,28.5954,0.7545,19.5347,12.27
525,0.000200,0.015785,0.014171,0.000138,28.5569,0.7533,19.6086,12.28
526,0.000200,0.015505,0.013900,0.000137,28.4399,0.7546,20.5815,12.50
527,0.000200,0.015831,0.014276,0.000133,28.4803,0.7551,19.9460,12.40
528,0.000200,0.016349,0.014669,0.000144,28.4883,0.7570,19.6042,12.58
529,0.000200,0.018430,0.016724,0.000147,28.6319,0.7518,19.2577,12.49
530,0.000200,0.016417,0.014712,0.000147,28.5273,0.7555,20.0356,12.43
531,0.000200,0.015406,0.013853,0.000134,28.4023,0.7549,20.2892,12.22
532,0.000200,0.016048,0.014390,0.000143,28.4142,0.7545,20.3593,12.50
533,0.000200,0.016710,0.015079,0.000141,28.1888,0.7496,21.8660,12.42
534,0.000200,0.018269,0.016519,0.000151,28.3738,0.7566,20.3817,12.31
535,0.000200,0.017810,0.016182,0.000141,28.4688,0.7477,20.9310,12.39
536,0.000200,0.016781,0.015137,0.000143,28.5265,0.7550,20.3373,12.10
537,0.000200,0.016687,0.015039,0.000143,28.5861,0.7550,19.5125,11.98
538,0.000200,0.017088,0.015411,0.000146,28.3224,0.7524,21.2609,12.16
539,0.000200,0.017474,0.015855,0.000141,28.6359,0.7534,19.1264,12.30
540,0.000200,0.018790,0.017087,0.000149,28.5590,0.7538,19.3901,12.59
541,0.000200,0.018005,0.016334,0.000146,28.6116,0.7515,18.6962,12.24
542,0.000200,0.017023,0.015392,0.000143,28.4292,0.7546,19.3675,12.31
543,0.000200,0.017948,0.016223,0.000151,28.6255,0.7545,19.4897,12.39
544,0.000200,0.015910,0.014302,0.000141,28.5386,0.7575,20.2165,12.44
545,0.000200,0.015652,0.014104,0.000136,28.6130,0.7557,19.7933,12.21
546,0.000200,0.016444,0.014815,0.000143,28.4987,0.7579,19.9399,12.29
547,0.000200,0.016473,0.014838,0.000144,28.5132,0.7557,20.1729,12.13
548,0.000200,0.015564,0.014006,0.000138,28.5177,0.7578,20.0379,12.71
549,0.000200,0.015872,0.014328,0.000136,28.5104,0.7555,20.6201,10.44
550,0.000200,0.016700,0.015116,0.000140,28.4770,0.7567,20.3353,10.38
551,0.000200,0.016967,0.015382,0.000140,28.3251,0.7571,20.7269,10.66
552,0.000200,0.018231,0.016583,0.000146,28.6147,0.7543,20.5014,10.14
553,0.000200,0.017129,0.015504,0.000144,28.4209,0.7573,20.0504,10.20
554,0.000200,0.015817,0.014256,0.000139,28.5814,0.7564,19.3380,9.98
555,0.000200,0.016919,0.015381,0.000137,28.3412,0.7573,20.9279,10.23
556,0.000200,0.017097,0.015461,0.000146,28.5492,0.7542,20.8487,10.35
557,0.000200,0.016416,0.014865,0.000139,28.4746,0.7574,19.9388,10.18
558,0.000200,0.017805,0.016217,0.000142,28.6390,0.7561,18.9041,10.17
559,0.000200,0.017064,0.015491,0.000141,28.5238,0.7585,19.9525,11.87
560,0.000200,0.016335,0.014788,0.000139,28.5514,0.7549,20.6636,12.20
561,0.000200,0.017850,0.016202,0.000148,28.4815,0.7566,19.6635,12.36
562,0.000200,0.015747,0.014234,0.000136,28.5873,0.7569,19.0595,12.32
563,0.000200,0.015778,0.014199,0.000142,28.5402,0.7575,20.1000,10.48
564,0.000200,0.015574,0.014088,0.000134,28.5301,0.7591,20.1004,10.29
565,0.000200,0.014851,0.013349,0.000136,28.6418,0.7603,19.7694,9.82
566,0.000200,0.015253,0.013745,0.000137,28.6586,0.7623,19.4773,10.05
567,0.000200,0.015102,0.013592,0.000137,28.6167,0.7614,19.8440,10.22
568,0.000200,0.015071,0.013601,0.000133,28.6282,0.7598,19.6864,10.19
569,0.000200,0.014970,0.013456,0.000138,28.4444,0.7611,19.9929,9.98
570,0.000200,0.014512,0.013070,0.000131,28.3752,0.7566,20.9427,10.20
571,0.000200,0.015424,0.013918,0.000137,28.2614,0.7598,20.4241,10.09
572,0.000200,0.015535,0.014026,0.000138,28.6632,0.7587,18.8163,10.19
573,0.000200,0.015711,0.014245,0.000134,28.5954,0.7616,19.2383,10.19
574,0.000200,0.015201,0.013700,0.000137,28.7486,0.7611,19.3423,10.44
575,0.000200,0.015078,0.013620,0.000134,28.7853,0.7621,18.8849,11.98
576,0.000200,0.014972,0.013515,0.000134,28.7290,0.7619,19.0501,11.98
577,0.000200,0.014471,0.013016,0.000134,28.6909,0.7624,19.4973,12.23
578,0.000200,0.014704,0.013269,0.000132,28.7191,0.7625,19.5318,12.35
579,0.000200,0.014893,0.013484,0.000130,28.7506,0.7630,18.8448,12.18
580,0.000200,0.014690,0.013289,0.000129,28.5937,0.7627,19.6417,12.41
581,0.000200,0.016662,0.015165,0.000139,28.7463,0.7631,19.6276,11.85
582,0.000200,0.016816,0.015332,0.000137,28.7669,0.7615,19.7831,12.21
583,0.000200,0.020537,0.018897,0.000152,28.5928,0.7582,20.4618,12.76
584,0.000200,0.019262,0.017457,0.000168,28.2408,0.7611,21.0005,12.52
585,0.000200,0.026533,0.024673,0.000173,28.4370,0.7500,20.2439,12.33
586,0.000200,0.023004,0.021171,0.000171,28.3280,0.7582,19.6481,12.14
587,0.000200,0.017063,0.015389,0.000156,28.4234,0.7558,18.9468,12.07
588,0.000200,0.016248,0.014713,0.000143,28.6594,0.7575,19.6697,12.37
589,0.000200,0.015809,0.014296,0.000142,28.7635,0.7614,19.0965,12.49
590,0.000200,0.015877,0.014408,0.000138,28.7163,0.7638,19.3759,12.05
591,0.000200,0.016088,0.014545,0.000145,28.6944,0.7596,19.5729,12.09
592,0.000200,0.015885,0.014370,0.000142,28.6593,0.7638,19.7021,12.22
593,0.000200,0.015049,0.013602,0.000136,28.8247,0.7638,19.0726,12.32
594,0.000200,0.014999,0.013565,0.000135,28.4158,0.7603,20.7080,12.43
595,0.000200,0.014802,0.013352,0.000137,28.5404,0.7627,20.0699,12.18
596,0.000200,0.014556,0.013143,0.000134,28.5104,0.7657,19.8759,12.40
597,0.000200,0.015165,0.013705,0.000138,28.8074,0.7667,19.1094,12.05
598,0.000200,0.014621,0.013248,0.000130,28.7571,0.7664,19.7280,12.53
599,0.000200,0.014573,0.013181,0.000132,28.8481,0.7652,19.7313,12.35
600,0.000040,0.015532,0.014094,0.000137,28.8057,0.7674,19.1830,12.31
601,0.000040,0.014493,0.013140,0.000129,28.6601,0.7657,19.5380,12.37
602,0.000040,0.014197,0.012841,0.000129,28.8044,0.7675,19.1695,12.37
603,0.000040,0.014173,0.012851,0.000126,28.7654,0.7659,19.1812,12.39
604,0.000040,0.014272,0.012887,0.000133,28.7237,0.7667,19.5862,12.43
605,0.000040,0.014131,0.012791,0.000128,28.7729,0.7672,19.2918,12.52
606,0.000040,0.013818,0.012485,0.000128,28.7633,0.7671,19.3569,12.00
607,0.000040,0.014369,0.012987,0.000133,28.7441,0.7670,19.4753,12.43
608,0.000040,0.014229,0.012838,0.000134,28.7716,0.7677,19.1900,12.31
609,0.000040,0.014377,0.012991,0.000134,28.7688,0.7680,19.2597,12.12
610,0.000040,0.013782,0.012460,0.000128,28.7767,0.7680,19.2046,12.10
611,0.000040,0.014137,0.012809,0.000129,28.7509,0.7677,19.3953,12.46
612,0.000040,0.014426,0.013052,0.000133,28.7596,0.7668,19.3237,12.64
613,0.000040,0.013905,0.012607,0.000126,28.8189,0.7684,19.1123,12.58
614,0.000040,0.014207,0.012867,0.000130,28.7612,0.7674,19.2505,12.42
615,0.000040,0.013802,0.012494,0.000127,28.7926,0.7680,19.2600,12.32
616,0.000040,0.014079,0.012759,0.000129,28.7734,0.7680,19.2498,12.18
617,0.000040,0.014121,0.012792,0.000130,28.7491,0.7677,19.4209,12.66
618,0.000040,0.014346,0.012998,0.000132,28.7963,0.7682,19.1067,12.43
619,0.000040,0.013912,0.012598,0.000129,28.7284,0.7674,19.5676,12.38
620,0.000040,0.013880,0.012578,0.000128,28.7942,0.7684,19.2723,12.17
621,0.000040,0.013699,0.012410,0.000127,28.7871,0.7683,19.2613,12.67
622,0.000040,0.013909,0.012619,0.000127,28.7904,0.7684,19.2532,12.54
623,0.000040,0.013905,0.012620,0.000127,28.7795,0.7682,19.2041,12.36
624,0.000040,0.014104,0.012790,0.000130,28.7835,0.7675,19.3651,12.51
625,0.000040,0.013953,0.012656,0.000128,28.7727,0.7686,19.1838,12.63
626,0.000040,0.014223,0.012891,0.000132,28.7968,0.7681,19.1626,12.19
627,0.000040,0.013888,0.012584,0.000129,28.7790,0.7673,19.3699,12.34
628,0.000040,0.013900,0.012605,0.000129,28.8049,0.7688,19.1576,12.18
629,0.000040,0.013865,0.012588,0.000127,28.7778,0.7680,19.3267,12.25
630,0.000040,0.013834,0.012548,0.000128,28.7387,0.7681,19.4983,12.10
631,0.000040,0.014416,0.013060,0.000135,28.8337,0.7685,19.2267,12.34
632,0.000040,0.014037,0.012752,0.000128,28.8216,0.7687,19.0105,10.45
633,0.000040,0.013816,0.012561,0.000126,28.7849,0.7689,19.3573,10.17
634,0.000040,0.013803,0.012531,0.000128,28.8013,0.7690,19.1824,10.18
635,0.000040,0.013658,0.012400,0.000126,28.7804,0.7682,19.2388,10.17
636,0.000040,0.013970,0.012692,0.000129,28.8226,0.7694,19.1459,10.08
637,0.000040,0.013707,0.012445,0.000127,28.7976,0.7689,19.1352,12.44
638,0.000040,0.013909,0.012618,0.000130,28.7894,0.7690,19.3498,12.43
639,0.000040,0.013675,0.012430,0.000126,28.7894,0.7693,19.1661,12.47
640,0.000040,0.014834,0.013439,0.000141,28.7974,0.7689,19.2828,12.32
641,0.000040,0.013992,0.012715,0.000130,28.8207,0.7689,19.0838,12.23
642,0.000040,0.013803,0.012576,0.000125,28.7868,0.7685,19.2453,12.36
643,0.000040,0.013474,0.012240,0.000126,28.7953,0.7695,19.3458,12.11
644,0.000040,0.013936,0.012683,0.000128,28.8044,0.7688,19.1673,10.15
645,0.000040,0.013411,0.012178,0.000126,28.8027,0.7689,19.3125,10.20
646,0.000040,0.013638,0.012404,0.000126,28.7984,0.7696,19.2146,10.40
647,0.000040,0.013839,0.012575,0.000129,28.7854,0.7697,19.2394,10.36
648,0.000040,0.014099,0.012797,0.000134,28.7851,0.7684,19.3429,10.06
649,0.000040,0.013575,0.012360,0.000125,28.8647,0.7700,18.9261,10.28
650,0.000040,0.013853,0.012580,0.000131,28.7289,0.7682,19.4689,10.02
651,0.000040,0.013869,0.012625,0.000128,28.7780,0.7697,19.4692,10.34
652,0.000040,0.013912,0.012661,0.000129,28.7987,0.7689,19.2379,10.22
653,0.000040,0.013829,0.012582,0.000129,28.8015,0.7699,19.1971,10.18
654,0.000040,0.013843,0.012596,0.000129,28.8039,0.7694,19.2518,10.13
655,0.000040,0.013325,0.012116,0.000125,28.7832,0.7697,19.2969,10.08
656,0.000040,0.013840,0.012595,0.000129,28.8039,0.7695,19.3003,10.90
657,0.000040,0.013711,0.012489,0.000127,28.8031,0.7697,19.3223,10.20
658,0.000040,0.013846,0.012610,0.000129,28.8675,0.7698,18.8943,9.89
659,0.000040,0.014089,0.012818,0.000133,28.7338,0.7690,19.4590,10.06
660,0.000040,0.013558,0.012334,0.000128,28.8434,0.7709,19.0844,9.80
661,0.000040,0.013505,0.012303,0.000126,28.7998,0.7697,19.1403,10.12
662,0.000040,0.013921,0.012671,0.000131,28.7837,0.7701,19.4204,10.26
663,0.000040,0.013949,0.012720,0.000129,28.8390,0.7698,19.0347,10.13
664,0.000040,0.013604,0.012387,0.000128,28.7729,0.7698,19.3716,10.20
665,0.000040,0.014560,0.013238,0.000139,28.8679,0.7703,19.0896,10.19
666,0.000040,0.013745,0.012526,0.000129,28.8052,0.7696,19.1179,10.17
667,0.000040,0.013934,0.012687,0.000132,28.8651,0.7705,18.9963,9.86
668,0.000040,0.014666,0.013296,0.000145,28.7689,0.7694,19.5673,10.35
669,0.000040,0.014009,0.012789,0.000130,28.8041,0.7702,19.1283,10.35
670,0.000040,0.013905,0.012669,0.000132,28.8082,0.7704,19.2811,10.16
671,0.000040,0.014018,0.012792,0.000131,28.8156,0.7703,19.1246,10.11
672,0.000040,0.013652,0.012450,0.000128,28.8601,0.7709,18.9574,10.37
673,0.000040,0.014121,0.012886,0.000132,28.7785,0.7696,19.2862,10.21
674,0.000040,0.013970,0.012726,0.000133,28.8573,0.7699,19.1916,12.43
675,0.000040,0.013645,0.012452,0.000128,28.7896,0.7698,19.2068,12.17
676,0.000040,0.013607,0.012438,0.000126,28.8474,0.7706,19.1080,12.81
677,0.000040,0.014152,0.012885,0.000136,28.8628,0.7699,19.0180,12.92
678,0.000040,0.013391,0.012232,0.000125,28.7987,0.7703,19.3269,12.22
679,0.000040,0.013236,0.012093,0.000123,28.8476,0.7716,18.9591,12.29
680,0.000040,0.013417,0.012257,0.000125,28.8211,0.7706,19.2636,12.08
681,0.000040,0.013828,0.012636,0.000129,28.8262,0.7708,19.2042,12.63
682,0.000040,0.013784,0.012590,0.000130,28.8869,0.7708,19.0272,12.50
683,0.000040,0.013796,0.012593,0.000131,28.8074,0.7706,19.2495,12.08
684,0.000040,0.013622,0.012478,0.000125,28.8829,0.7716,18.8309,12.15
685,0.000040,0.013604,0.012425,0.000129,28.7679,0.7699,19.5308,12.33
686,0.000040,0.013561,0.012376,0.000130,28.7921,0.7709,19.1692,12.05
687,0.000040,0.013669,0.012468,0.000132,28.8529,0.7713,19.1810,12.41
688,0.000040,0.013470,0.012320,0.000126,28.7846,0.7701,19.3833,12.53
689,0.000040,0.013422,0.012265,0.000127,28.8967,0.7711,18.9070,12.49
690,0.000040,0.013653,0.012482,0.000129,28.8105,0.7709,19.3851,12.57
691,0.000040,0.013414,0.012263,0.000127,28.9018,0.7719,18.7797,12.32
692,0.000040,0.013752,0.012548,0.000133,28.7979,0.7710,19.4062,12.44
693,0.000040,0.013532,0.012380,0.000127,28.8325,0.7718,19.0775,12.44
694,0.000040,0.013219,0.012099,0.000124,28.8069,0.7713,19.3375,12.49
695,0.000040,0.013255,0.012125,0.000126,28.8752,0.7718,18.9559,12.56
696,0.000040,0.013615,0.012456,0.000129,28.8818,0.7716,18.9874,12.56
697,0.000040,0.013362,0.012237,0.000125,28.8278,0.7702,19.3112,12.15
698,0.000040,0.013381,0.012257,0.000125,28.9316,0.7724,18.8998,11.97
699,0.000040,0.013741,0.012562,0.000132,28.7990,0.7702,19.4227,12.18
700,0.000040,0.013331,0.012215,0.000125,28.8579,0.7718,19.0301,12.10
701,0.000040,0.013384,0.012249,0.000127,28.8927,0.7725,18.9372,12.33
702,0.000040,0.013143,0.012028,0.000125,28.8224,0.7713,19.2581,12.26
703,0.000040,0.013459,0.012344,0.000126,28.8354,0.7724,19.1581,12.22
704,0.000040,0.013397,0.012290,0.000125,28.8520,0.7724,19.1595,12.43
705,0.000040,0.013282,0.012174,0.000125,28.8253,0.7715,19.2630,12.47
706,0.000040,0.013366,0.012240,0.000127,28.8905,0.7722,18.9107,12.22
707,0.000040,0.013162,0.012062,0.000125,28.8612,0.7716,19.1450,11.93
708,0.000040,0.013539,0.012398,0.000130,28.8980,0.7716,18.9720,12.03
709,0.000040,0.014080,0.012888,0.000136,28.7998,0.7716,19.4472,12.43
710,0.000040,0.013846,0.012699,0.000131,28.9359,0.7721,18.6536,12.71
711,0.000040,0.013536,0.012413,0.000128,28.7605,0.7706,19.6200,12.31
712,0.000040,0.013566,0.012444,0.000128,28.9107,0.7728,18.7401,12.22
713,0.000040,0.013285,0.012162,0.000129,28.8911,0.7717,19.0648,12.07
714,0.000040,0.013232,0.012147,0.000125,28.8494,0.7719,19.2464,12.22
715,0.000040,0.013565,0.012448,0.000129,28.8620,0.7711,19.0131,12.51
716,0.000040,0.013697,0.012584,0.000128,28.9173,0.7729,18.9596,12.58
717,0.000040,0.013561,0.012478,0.000125,28.7796,0.7706,19.6383,12.20
718,0.000040,0.013938,0.012752,0.000137,28.9418,0.7725,18.6585,12.25
719,0.000040,0.013523,0.012374,0.000133,28.8103,0.7726,19.3277,12.21
720,0.000040,0.013586,0.012468,0.000130,28.8398,0.7718,19.0202,12.48
721,0.000040,0.013361,0.012256,0.000129,28.8433,0.7729,19.2615,12.20
722,0.000040,0.013401,0.012316,0.000127,28.8511,0.7728,19.0017,12.55
723,0.000040,0.013378,0.012269,0.000130,28.8777,0.7728,19.1678,12.18
724,0.000040,0.013323,0.012241,0.000127,28.8370,0.7723,19.1409,12.23
725,0.000040,0.012896,0.011826,0.000125,28.9086,0.7732,19.0984,12.47
726,0.000040,0.013250,0.012154,0.000129,28.8483,0.7722,19.2150,12.30
727,0.000040,0.013509,0.012390,0.000132,28.9424,0.7738,18.8485,12.52
728,0.000040,0.013311,0.012243,0.000126,28.7946,0.7725,19.2165,12.48
729,0.000040,0.013075,0.012013,0.000125,28.9062,0.7737,19.0355,12.19
730,0.000040,0.013332,0.012234,0.000130,28.8658,0.7735,19.0510,12.06
731,0.000040,0.013776,0.012648,0.000134,28.8866,0.7731,19.1084,12.22
732,0.000040,0.013430,0.012345,0.000129,28.8811,0.7722,19.0463,12.06
733,0.000040,0.013146,0.012094,0.000125,28.9299,0.7736,18.7206,12.35
734,0.000040,0.013187,0.012136,0.000125,28.9312,0.7734,18.9937,12.54
735,0.000040,0.013191,0.012128,0.000127,28.8637,0.7728,19.1935,12.27
736,0.000040,0.013354,0.012290,0.000127,28.8649,0.7730,19.0678,12.33
737,0.000040,0.013467,0.012410,0.000127,28.9531,0.7740,18.8460,12.45
738,0.000040,0.013057,0.012020,0.000125,28.8565,0.7729,19.0946,12.38
739,0.000040,0.012934,0.011909,0.000123,28.8809,0.7738,18.9899,10.48
740,0.000040,0.013225,0.012168,0.000128,28.8585,0.7734,19.2050,10.20
741,0.000040,0.013358,0.012319,0.000126,28.8807,0.7734,19.2049,10.05
742,0.000040,0.013217,0.012181,0.000125,28.9679,0.7737,18.7799,10.15
743,0.000040,0.013009,0.011958,0.000128,28.8866,0.7740,18.8916,10.20
744,0.000040,0.013260,0.012201,0.000129,28.8806,0.7732,19.1572,10.15
745,0.000040,0.013104,0.012075,0.000125,28.9540,0.7736,18.7663,10.38
746,0.000040,0.013418,0.012371,0.000128,28.9187,0.7738,18.8914,10.18
747,0.000040,0.013256,0.012214,0.000127,28.8863,0.7740,19.1045,10.20
748,0.000040,0.013056,0.012035,0.000125,28.9081,0.7745,18.9609,10.15
749,0.000040,0.013076,0.012047,0.000126,28.8822,0.7738,18.9081,9.98
750,0.000040,0.012923,0.011914,0.000124,28.9799,0.7746,18.6102,10.22
751,0.000040,0.013310,0.012246,0.000131,28.8032,0.7722,19.6527,10.19
752,0.000040,0.013123,0.012095,0.000127,28.9097,0.7733,18.5916,10.17
753,0.000040,0.013345,0.012311,0.000128,28.9146,0.7744,19.1900,10.20
754,0.000040,0.013126,0.012120,0.000125,28.8523,0.7744,19.0981,9.97
755,0.000040,0.013413,0.012368,0.000130,28.8818,0.7742,19.0622,10.22
756,0.000040,0.013051,0.012037,0.000126,28.8989,0.7749,18.9095,9.90
757,0.000040,0.013154,0.012133,0.000127,28.9778,0.7754,18.6387,10.05
758,0.000040,0.013172,0.012141,0.000129,28.8356,0.7736,19.3942,10.18
759,0.000040,0.012770,0.011782,0.000124,28.9094,0.7746,18.9100,9.98
760,0.000040,0.013165,0.012133,0.000129,28.9386,0.7748,18.9236,10.22
761,0.000040,0.013128,0.012113,0.000128,28.8739,0.7745,19.2685,10.28
762,0.000040,0.013257,0.012234,0.000129,28.8534,0.7741,19.0740,10.15
763,0.000040,0.013239,0.012222,0.000128,28.8896,0.7749,19.0671,9.98
764,0.000040,0.013900,0.012810,0.000138,28.8576,0.7751,19.1733,10.21
765,0.000040,0.013351,0.012350,0.000127,28.9381,0.7742,18.7415,10.01
766,0.000040,0.013237,0.012232,0.000128,28.8228,0.7742,19.4227,10.20
767,0.000040,0.013194,0.012175,0.000130,28.8634,0.7742,18.9437,10.42
768,0.000040,0.013188,0.012152,0.000132,28.9712,0.7755,18.8394,10.48
769,0.000040,0.012972,0.011975,0.000127,28.8210,0.7748,19.1388,10.00
770,0.000040,0.012785,0.011815,0.000124,28.9079,0.7748,19.0103,10.20
771,0.000040,0.013588,0.012549,0.000133,28.9218,0.7738,19.1124,10.00
772,0.000040,0.013680,0.012668,0.000130,28.9634,0.7747,18.6271,10.05
773,0.000040,0.013010,0.012031,0.000126,29.0269,0.7759,18.4977,10.17
774,0.000040,0.013513,0.012482,0.000133,28.8594,0.7743,19.4065,10.38
775,0.000040,0.013132,0.012116,0.000131,28.9164,0.7750,18.8354,10.14
776,0.000040,0.012588,0.011625,0.000125,28.8725,0.7760,18.9845,9.97
777,0.000040,0.012859,0.011882,0.000127,28.9310,0.7750,19.0665,9.96
778,0.000040,0.013045,0.012072,0.000127,28.8892,0.7761,19.0208,12.05
779,0.000040,0.012601,0.011637,0.000126,28.9623,0.7757,18.8930,11.95
780,0.000040,0.013080,0.012071,0.000132,28.9220,0.7764,18.8924,12.17
781,0.000040,0.012958,0.011967,0.000130,28.9776,0.7760,18.7268,12.06
782,0.000040,0.012934,0.011966,0.000127,28.9203,0.7752,19.0553,12.16
783,0.000040,0.013151,0.012189,0.000126,28.9094,0.7752,18.9220,12.19
784,0.000040,0.012730,0.011793,0.000123,29.0141,0.7761,18.6702,12.30
785,0.000040,0.013163,0.012149,0.000134,28.8762,0.7755,19.3589,11.93
786,0.000040,0.012967,0.012000,0.000128,28.9165,0.7756,18.6059,11.92
787,0.000040,0.012897,0.011939,0.000127,28.9450,0.7770,18.9539,12.23
788,0.000040,0.012931,0.011947,0.000131,28.9109,0.7759,19.0234,12.19
789,0.000040,0.012859,0.011912,0.000126,28.8799,0.7749,18.8514,12.02
790,0.000040,0.012769,0.011821,0.000126,28.9658,0.7765,19.1281,11.94
791,0.000040,0.012891,0.011945,0.000126,28.8136,0.7753,19.1285,12.10
792,0.000040,0.012979,0.012011,0.000130,28.9552,0.7765,18.7624,12.19
793,0.000040,0.012428,0.011516,0.000122,28.9147,0.7765,18.9593,12.15
794,0.000040,0.012606,0.011680,0.000125,29.0392,0.7768,18.6085,12.43
795,0.000040,0.012921,0.011969,0.000128,28.9312,0.7761,19.1405,12.20
796,0.000040,0.012649,0.011723,0.000125,28.9691,0.7772,18.5774,12.31
797,0.000040,0.012487,0.011560,0.000126,28.8885,0.7775,19.0345,12.13
798,0.000040,0.012781,0.011852,0.000126,28.8703,0.7763,19.0900,12.26
799,0.000040,0.013489,0.012515,0.000132,28.8768,0.7753,19.2808,12.58
800,0.000040,0.012844,0.011926,0.000125,29.0233,0.7754,18.2864,12.40
801,0.000040,0.012738,0.011824,0.000125,29.0039,0.7770,18.7452,12.58
802,0.000040,0.013274,0.012295,0.000134,28.8452,0.7759,19.1486,12.70
803,0.000040,0.012878,0.011956,0.000126,29.0498,0.7767,18.6872,12.48
804,0.000040,0.013146,0.012198,0.000130,28.8859,0.7781,18.8866,12.42
805,0.000040,0.013183,0.012267,0.000126,28.8798,0.7770,19.1979,12.18
806,0.000040,0.012713,0.011802,0.000126,28.9115,0.7772,18.9188,12.19
807,0.000040,0.013010,0.012053,0.000132,28.9183,0.7767,19.0276,12.16
808,0.000040,0.012814,0.011891,0.000128,29.0019,0.7782,18.6188,12.41
809,0.000040,0.012785,0.011885,0.000125,28.9978,0.7777,18.6047,12.22
810,0.000040,0.013023,0.012073,0.000132,28.8221,0.7756,19.5939,12.32
811,0.000040,0.012735,0.011822,0.000127,29.0074,0.7769,18.4146,12.31
812,0.000040,0.012806,0.011890,0.000128,28.9510,0.7769,19.0549,12.17
813,0.000040,0.012711,0.011805,0.000127,28.9393,0.7772,18.9036,12.44
814,0.000040,0.012624,0.011737,0.000125,28.9989,0.7787,18.7019,12.49
815,0.000040,0.012801,0.011898,0.000127,28.9494,0.7776,18.8915,12.00
816,0.000040,0.012957,0.012031,0.000131,28.8662,0.7768,19.2940,12.29
817,0.000040,0.013276,0.012325,0.000135,28.9351,0.7781,18.8016,13.20
818,0.000040,0.012918,0.012018,0.000128,28.8563,0.7762,19.3137,13.15
819,0.000040,0.012697,0.011818,0.000125,29.0089,0.7780,18.5372,13.41
820,0.000040,0.012494,0.011625,0.000124,28.9715,0.7773,19.1704,12.53
821,0.000040,0.012880,0.011991,0.000127,28.9796,0.7772,18.6582,12.61
822,0.000040,0.012917,0.012011,0.000130,28.9868,0.7784,18.7870,12.49
823,0.000040,0.012665,0.011799,0.000124,28.8303,0.7778,19.3125,12.78
824,0.000040,0.012929,0.012018,0.000131,28.9364,0.7763,18.5753,12.57
825,0.000040,0.012726,0.011833,0.000129,28.9174,0.7787,19.2621,12.60
826,0.000040,0.012740,0.011865,0.000126,28.9482,0.7785,18.9426,13.00
827,0.000040,0.012696,0.011807,0.000129,28.8808,0.7772,19.2645,12.51
828,0.000040,0.012498,0.011636,0.000125,29.0027,0.7780,18.5538,12.73
829,0.000040,0.012220,0.011370,0.000124,28.9242,0.7785,19.0133,12.53
830,0.000040,0.012546,0.011663,0.000129,28.9353,0.7785,18.8890,12.57
831,0.000040,0.012569,0.011678,0.000130,28.9123,0.7780,19.0610,12.53
832,0.000040,0.012380,0.011519,0.000126,28.9648,0.7792,18.8386,12.53
833,0.000040,0.012502,0.011636,0.000127,28.9968,0.7793,18.8063,12.55
834,0.000040,0.012995,0.012073,0.000136,28.9707,0.7790,18.8148,12.40
835,0.000040,0.012303,0.011457,0.000125,28.9792,0.7801,18.6754,12.09
836,0.000040,0.012640,0.011760,0.000130,29.0770,0.7787,18.6544,12.57
837,0.000040,0.012964,0.012067,0.000133,28.8720,0.7784,19.1583,12.56
838,0.000040,0.012567,0.011698,0.000129,28.9022,0.7769,19.0475,12.67
839,0.000040,0.012573,0.011707,0.000129,29.0124,0.7783,18.6072,12.28
840,0.000040,0.012888,0.011994,0.000133,28.9264,0.7787,19.3382,12.22
841,0.000040,0.012854,0.011955,0.000134,28.9724,0.7788,18.6948,12.25
842,0.000040,0.012397,0.011543,0.000128,29.0371,0.7793,18.6054,12.63
843,0.000040,0.012585,0.011718,0.000130,29.0062,0.7796,18.8847,12.25
844,0.000040,0.012653,0.011795,0.000129,28.9691,0.7793,18.7168,12.21
845,0.000040,0.012237,0.011397,0.000127,28.9425,0.7794,18.9818,12.24
846,0.000040,0.012563,0.011714,0.000128,29.0091,0.7801,18.6372,12.40
847,0.000040,0.012145,0.011332,0.000123,28.9000,0.7799,19.0525,12.23
848,0.000040,0.012588,0.011755,0.000127,29.0151,0.7796,18.7695,12.01
849,0.000040,0.012308,0.011476,0.000127,28.9556,0.7796,18.8494,11.86
850,0.000040,0.012473,0.011633,0.000128,29.0548,0.7803,18.5496,11.95
851,0.000040,0.012548,0.011698,0.000130,28.9996,0.7805,18.8566,11.80
852,0.000040,0.012579,0.011725,0.000131,28.9726,0.7791,18.5408,12.00
853,0.000040,0.012229,0.011408,0.000126,28.9844,0.7798,18.7658,12.39
854,0.000040,0.012328,0.011523,0.000124,28.9960,0.7809,18.7399,12.15
855,0.000040,0.012409,0.011573,0.000129,29.0718,0.7807,18.7554,11.89
856,0.000040,0.012359,0.011540,0.000127,29.0569,0.7796,18.2169,12.25
857,0.000040,0.012537,0.011713,0.000128,28.9942,0.7796,18.9414,12.56
858,0.000040,0.012119,0.011319,0.000125,28.9783,0.7813,18.6692,12.24
859,0.000040,0.012385,0.011578,0.000126,28.9799,0.7802,18.8971,11.98
860,0.000040,0.012149,0.011337,0.000127,28.9716,0.7803,18.9370,12.35
861,0.000040,0.012139,0.011341,0.000125,29.0335,0.7807,18.4888,12.26
862,0.000040,0.012226,0.011415,0.000128,29.0705,0.7803,18.8136,12.03
863,0.000040,0.012429,0.011633,0.000126,28.9357,0.7804,18.7728,11.93
864,0.000040,0.012303,0.011510,0.000126,29.0230,0.7792,18.8910,12.26
865,0.000040,0.012110,0.011322,0.000125,28.9768,0.7812,18.6156,12.13
866,0.000040,0.012001,0.011217,0.000125,28.9358,0.7800,19.1021,12.03
867,0.000040,0.012356,0.011552,0.000128,29.0304,0.7802,18.4250,11.95
868,0.000040,0.012342,0.011544,0.000127,29.0419,0.7812,18.7233,12.15
869,0.000040,0.012227,0.011434,0.000127,29.1248,0.7819,18.3683,12.27
870,0.000040,0.012112,0.011322,0.000127,29.1513,0.7801,18.1415,12.46
871,0.000040,0.012247,0.011462,0.000126,28.9191,0.7818,19.0419,11.13
872,0.000040,0.012473,0.011678,0.000128,28.8210,0.7790,19.2981,10.35
873,0.000040,0.012356,0.011545,0.000131,29.0431,0.7807,18.3470,10.17
874,0.000040,0.012947,0.012126,0.000133,29.0739,0.7814,18.7409,10.22
875,0.000040,0.012206,0.011430,0.000126,29.1138,0.7823,18.4596,10.14
876,0.000040,0.012660,0.011852,0.000132,29.0490,0.7804,18.5236,10.00
877,0.000040,0.012317,0.011525,0.000129,29.0556,0.7823,18.3427,9.93
878,0.000040,0.012455,0.011663,0.000130,29.0403,0.7813,18.6723,10.06
879,0.000040,0.012297,0.011521,0.000128,29.1288,0.7807,18.5503,9.88
880,0.000040,0.013182,0.012394,0.000130,28.9745,0.7817,18.9626,10.45
881,0.000040,0.012685,0.011901,0.000130,29.1249,0.7817,18.3260,11.87
882,0.000040,0.012518,0.011750,0.000127,29.0783,0.7819,18.6725,12.15
883,0.000040,0.012665,0.011907,0.000126,28.9894,0.7814,18.7428,12.40
884,0.000040,0.012787,0.012027,0.000127,28.9626,0.7825,18.3546,12.31
885,0.000040,0.012772,0.011998,0.000129,29.0973,0.7816,18.4925,12.61
886,0.000040,0.013326,0.012543,0.000131,29.1481,0.7807,18.3891,12.49
887,0.000040,0.012778,0.012001,0.000130,28.9524,0.7816,18.7536,12.97
888,0.000040,0.012152,0.011396,0.000127,28.8787,0.7799,19.0290,12.37
889,0.000040,0.012563,0.011781,0.000132,29.0527,0.7825,18.6029,12.34
890,0.000040,0.012167,0.011414,0.000127,28.9892,0.7814,18.5592,12.06
891,0.000040,0.012282,0.011512,0.000131,29.1469,0.7824,18.3700,10.40
892,0.000040,0.012051,0.011301,0.000128,29.1143,0.7826,18.3210,10.17
893,0.000040,0.012275,0.011506,0.000131,28.9913,0.7824,18.9049,10.21
894,0.000040,0.012008,0.011272,0.000126,28.9929,0.7820,18.6713,10.20
895,0.000040,0.011814,0.011085,0.000125,29.0270,0.7821,18.5359,10.39
896,0.000040,0.012344,0.011582,0.000131,29.0652,0.7829,18.5012,10.39
897,0.000040,0.012043,0.011295,0.000129,29.0638,0.7834,18.4130,10.20
898,0.000040,0.012073,0.011332,0.000128,28.9579,0.7831,18.9455,12.15
899,0.000040,0.011796,0.011066,0.000127,29.0633,0.7825,18.3261,12.59
900,0.000008,0.012609,0.011827,0.000136,29.1157,0.7835,18.1763,12.16
901,0.000008,0.011931,0.011213,0.000125,29.0561,0.7826,18.5259,12.45
902,0.000008,0.012155,0.011397,0.000133,29.0389,0.7830,18.7124,12.00
903,0.000008,0.011676,0.010970,0.000124,29.0732,0.7833,18.5521,12.39
904,0.000008,0.011877,0.011155,0.000127,29.0660,0.7829,18.5144,12.06
905,0.000008,0.011726,0.011006,0.000127,29.0743,0.7831,18.5184,12.24
906,0.000008,0.011823,0.011112,0.000126,29.0582,0.7835,18.6310,12.36
907,0.000008,0.012080,0.011349,0.000129,29.0809,0.7833,18.4937,12.48
908,0.000008,0.012088,0.011362,0.000129,29.0600,0.7836,18.5224,12.53
909,0.000008,0.012208,0.011470,0.000131,29.0850,0.7834,18.4746,12.43
910,0.000008,0.012434,0.011673,0.000136,29.0405,0.7828,18.6637,12.23
911,0.000008,0.011589,0.010896,0.000124,29.0765,0.7835,18.5579,12.12
912,0.000008,0.011729,0.011034,0.000125,29.0811,0.7833,18.4706,12.51
913,0.000008,0.011905,0.011200,0.000127,29.0729,0.7834,18.5038,12.53
914,0.000008,0.011842,0.011140,0.000127,29.0736,0.7839,18.5541,12.18
915,0.000008,0.011670,0.010979,0.000125,29.0419,0.7832,18.6236,12.16
916,0.000008,0.012183,0.011464,0.000131,29.0876,0.7835,18.5781,12.43
917,0.000008,0.012077,0.011366,0.000130,29.0726,0.7837,18.5124,10.97
918,0.000008,0.011892,0.011201,0.000127,29.0598,0.7838,18.6241,10.25
919,0.000008,0.011722,0.011039,0.000125,29.0879,0.7836,18.4386,10.23
920,0.000008,0.011978,0.011272,0.000130,29.0730,0.7836,18.4462,12.30
921,0.000008,0.011929,0.011225,0.000130,29.0757,0.7836,18.5219,12.08
922,0.000008,0.011808,0.011113,0.000129,29.0613,0.7838,18.5936,12.41
923,0.000008,0.011911,0.011210,0.000130,29.0903,0.7834,18.4436,10.59
924,0.000008,0.012008,0.011317,0.000129,29.0455,0.7835,18.6399,10.02
925,0.000008,0.011788,0.011107,0.000127,29.0757,0.7838,18.5039,10.40
926,0.000008,0.011684,0.011017,0.000125,29.0798,0.7838,18.4502,12.02
927,0.000008,0.012041,0.011337,0.000132,29.0699,0.7837,18.5441,12.25
928,0.000008,0.011735,0.011074,0.000124,29.0818,0.7839,18.4960,12.26
929,0.000008,0.012168,0.011463,0.000133,29.0550,0.7828,18.5784,12.12
930,0.000008,0.011768,0.011101,0.000126,29.0834,0.7840,18.4568,10.58
931,0.000008,0.011938,0.011265,0.000128,29.0546,0.7833,18.6504,10.15
932,0.000008,0.012023,0.011336,0.000131,29.0803,0.7838,18.5801,10.19
933,0.000008,0.011838,0.011178,0.000126,29.0793,0.7833,18.5130,10.18
934,0.000008,0.011791,0.011130,0.000127,29.0866,0.7837,18.4420,9.95
935,0.000008,0.011702,0.011049,0.000125,29.0942,0.7836,18.4798,10.23
936,0.000008,0.011918,0.011254,0.000128,29.0745,0.7841,18.5438,9.98
937,0.000008,0.011819,0.011169,0.000126,29.0766,0.7835,18.4334,9.97
938,0.000008,0.012013,0.011337,0.000131,29.0899,0.7837,18.4708,10.23
939,0.000008,0.011830,0.011177,0.000127,29.0639,0.7838,18.5525,9.98
940,0.000008,0.011738,0.011087,0.000127,29.0858,0.7839,18.4382,10.15
941,0.000008,0.011902,0.011242,0.000129,29.0643,0.7839,18.5421,10.08
942,0.000008,0.011707,0.011063,0.000126,29.0899,0.7840,18.4629,10.05
943,0.000008,0.011828,0.011180,0.000128,29.0832,0.7841,18.4755,10.16
944,0.000008,0.012144,0.011458,0.000136,29.0708,0.7836,18.5340,10.18
945,0.000008,0.011904,0.011236,0.000132,29.0802,0.7838,18.5007,9.99
946,0.000008,0.011939,0.011278,0.000132,29.0708,0.7838,18.5619,9.98
947,0.000008,0.011682,0.011051,0.000126,29.0638,0.7838,18.5272,10.23
948,0.000008,0.011873,0.011235,0.000128,29.0821,0.7837,18.5455,9.94
949,0.000008,0.011657,0.011022,0.000128,29.0940,0.7845,18.3877,10.33
950,0.000008,0.011890,0.011247,0.000130,29.0445,0.7841,18.5824,10.18
951,0.000008,0.012057,0.011397,0.000133,29.0803,0.7838,18.5289,10.01
952,0.000008,0.011715,0.011081,0.000129,29.0965,0.7841,18.4751,9.97
953,0.000008,0.011696,0.011073,0.000127,29.0400,0.7836,18.6367,10.20
954,0.000008,0.011485,0.010877,0.000124,29.1114,0.7841,18.3206,9.98
955,0.000008,0.011610,0.010989,0.000127,29.0873,0.7845,18.4192,9.96
956,0.000008,0.011713,0.011086,0.000129,29.0609,0.7841,18.6127,10.21
957,0.000008,0.011911,0.011274,0.000131,29.0858,0.7839,18.4349,10.13
958,0.000008,0.011743,0.011119,0.000129,29.0545,0.7840,18.6231,9.95
959,0.000008,0.011641,0.011030,0.000127,29.0863,0.7842,18.5181,9.97
960,0.000008,0.011577,0.010968,0.000127,29.0797,0.7835,18.5288,10.03
961,0.000008,0.012078,0.011421,0.000137,29.0810,0.7845,18.5453,10.31
962,0.000008,0.011879,0.011259,0.000130,29.0938,0.7843,18.4752,10.18
963,0.000008,0.011564,0.010971,0.000125,29.0814,0.7843,18.5133,10.21
964,0.000008,0.012167,0.011523,0.000136,29.0818,0.7839,18.5691,12.00
965,0.000008,0.011636,0.011043,0.000125,29.0683,0.7843,18.4925,12.24
966,0.000008,0.011783,0.011187,0.000127,29.0820,0.7841,18.5140,12.44
967,0.000008,0.011606,0.011015,0.000126,29.0843,0.7842,18.5042,12.41
968,0.000008,0.011886,0.011274,0.000131,29.0975,0.7841,18.5446,12.50
969,0.000008,0.011762,0.011158,0.000130,29.0919,0.7841,18.4649,12.65
970,0.000008,0.011716,0.011112,0.000130,29.0879,0.7844,18.4548,12.49
971,0.000008,0.011807,0.011208,0.000130,29.0808,0.7842,18.4626,12.24
972,0.000008,0.011679,0.011090,0.000128,29.0571,0.7845,18.5676,12.60
973,0.000008,0.011648,0.011070,0.000126,29.1052,0.7847,18.4123,12.50
974,0.000008,0.011797,0.011205,0.000129,29.0614,0.7841,18.5405,12.12
975,0.000008,0.011713,0.011116,0.000131,29.0704,0.7844,18.4934,12.41
976,0.000008,0.011729,0.011142,0.000129,29.1228,0.7846,18.3377,12.06
977,0.000008,0.011481,0.010907,0.000127,29.0300,0.7847,18.6216,12.16
978,0.000008,0.011556,0.010986,0.000126,29.1203,0.7847,18.3968,12.04
979,0.000008,0.012013,0.011410,0.000134,29.0662,0.7844,18.5188,12.02
980,0.000008,0.011389,0.010829,0.000125,29.1087,0.7849,18.3477,12.34
981,0.000008,0.011771,0.011191,0.000130,29.0752,0.7842,18.5524,12.48
982,0.000008,0.011526,0.010959,0.000127,29.1121,0.7847,18.4158,12.28
983,0.000008,0.012012,0.011408,0.000136,29.0525,0.7842,18.5586,12.36
984,0.000008,0.011666,0.011102,0.000127,29.0725,0.7840,18.6317,12.60
985,0.000008,0.012073,0.011477,0.000135,29.0875,0.7844,18.3997,10.61
986,0.000008,0.011667,0.011086,0.000132,29.0606,0.7843,18.5376,10.81
987,0.000008,0.011582,0.011021,0.000128,29.1066,0.7844,18.4778,11.04
988,0.000008,0.011505,0.010950,0.000127,29.0782,0.7847,18.3941,10.54
989,0.000008,0.011821,0.011261,0.000129,29.0849,0.7840,18.4780,10.24
990,0.000008,0.011966,0.011394,0.000132,29.0969,0.7843,18.5250,10.33
991,0.000008,0.011789,0.011211,0.000134,29.0800,0.7844,18.4713,10.35
992,0.000008,0.011764,0.011199,0.000132,29.0972,0.7844,18.4910,10.13
993,0.000008,0.011814,0.011253,0.000131,29.0891,0.7846,18.4754,10.43
994,0.000008,0.011909,0.011352,0.000131,29.0581,0.7840,18.5195,11.19
995,0.000008,0.011471,0.010933,0.000127,29.1122,0.7848,18.4719,10.35
996,0.000008,0.011346,0.010812,0.000126,29.0895,0.7847,18.3799,12.74
997,0.000008,0.011163,0.010634,0.000125,29.0822,0.7845,18.4463,13.05
998,0.000008,0.011585,0.011046,0.000128,29.1205,0.7847,18.4103,13.34
999,0.000008,0.011694,0.011143,0.000132,29.0831,0.7842,18.4790,10.87
1000,0.000008,0.011332,0.010802,0.000127,29.0819,0.7846,18.5550,10.20
1001,0.000008,0.011391,0.010866,0.000127,29.0880,0.7847,18.4715,10.63
1002,0.000008,0.011702,0.011154,0.000132,29.0615,0.7843,18.5999,10.33
1003,0.000008,0.011754,0.011221,0.000129,29.0864,0.7839,18.4722,12.85
1004,0.000008,0.011697,0.011157,0.000132,29.0984,0.7846,18.4663,12.61
1005,0.000008,0.011509,0.010979,0.000130,29.0887,0.7850,18.5306,13.22
1006,0.000008,0.011749,0.011208,0.000133,29.0805,0.7845,18.4463,13.51
1007,0.000008,0.012078,0.011525,0.000136,29.0966,0.7849,18.4731,12.83
1008,0.000008,0.011820,0.011290,0.000131,29.0746,0.7839,18.5096,13.10
1009,0.000008,0.011663,0.011134,0.000131,29.0809,0.7848,18.3707,12.30
1010,0.000008,0.011506,0.010986,0.000130,29.1010,0.7846,18.4693,12.57
1011,0.000008,0.011687,0.011163,0.000131,29.0889,0.7844,18.4692,12.37
1012,0.000008,0.011826,0.011292,0.000134,29.0869,0.7848,18.4349,12.97
1013,0.000008,0.011356,0.010852,0.000127,29.0812,0.7850,18.4889,12.64
1014,0.000008,0.011405,0.010899,0.000128,29.0758,0.7843,18.4774,12.40
1015,0.000008,0.011644,0.011124,0.000132,29.0852,0.7844,18.5289,11.99
1016,0.000008,0.011403,0.010905,0.000127,29.1254,0.7848,18.3664,12.42
1017,0.000008,0.011615,0.011104,0.000131,29.0742,0.7850,18.3848,12.26
1018,0.000008,0.011952,0.011432,0.000134,29.0613,0.7840,18.6971,12.63
1019,0.000008,0.011356,0.010859,0.000128,29.1241,0.7854,18.3785,11.88
1020,0.000008,0.011642,0.011136,0.000131,29.0839,0.7848,18.4014,12.29
1021,0.000008,0.011523,0.011026,0.000129,29.0689,0.7850,18.5425,12.14
1022,0.000008,0.011473,0.010978,0.000130,29.1120,0.7849,18.3953,12.17
1023,0.000008,0.011276,0.010793,0.000127,29.0589,0.7846,18.5069,12.23
1024,0.000008,0.011317,0.010828,0.000129,29.0988,0.7850,18.4731,12.26
1025,0.000008,0.011569,0.011081,0.000129,29.0969,0.7848,18.4942,10.29
1026,0.000008,0.011428,0.010941,0.000130,29.1031,0.7851,18.4272,10.41
1027,0.000008,0.011588,0.011092,0.000132,29.0817,0.7847,18.4553,10.34
1028,0.000008,0.011509,0.011017,0.000132,29.0964,0.7851,18.5302,10.20
1029,0.000008,0.011503,0.011026,0.000129,29.0773,0.7854,18.3532,10.21
1030,0.000008,0.011423,0.010936,0.000132,29.0992,0.7847,18.4596,10.18
1031,0.000008,0.011674,0.011178,0.000135,29.0720,0.7851,18.5105,10.10
1032,0.000008,0.011505,0.011025,0.000131,29.0648,0.7849,18.5721,10.21
1033,0.000008,0.011730,0.011243,0.000134,29.1019,0.7850,18.4725,10.14
1034,0.000008,0.011707,0.011221,0.000134,29.1061,0.7846,18.3928,10.19
1035,0.000008,0.011323,0.010854,0.000130,29.1159,0.7852,18.3960,10.00
1036,0.000008,0.011816,0.011326,0.000136,29.0791,0.7851,18.4832,9.98
1037,0.000008,0.011758,0.011275,0.000135,29.0761,0.7851,18.4808,10.22
1038,0.000008,0.011571,0.011097,0.000133,29.0855,0.7849,18.3449,12.10
1039,0.000008,0.011306,0.010845,0.000130,29.0873,0.7849,18.5504,12.14
1040,0.000008,0.011929,0.011433,0.000140,29.1025,0.7854,18.3550,11.89
1041,0.000008,0.011186,0.010738,0.000128,29.0790,0.7854,18.3992,12.16
1042,0.000008,0.011290,0.010838,0.000129,29.1016,0.7852,18.4071,12.46
1043,0.000008,0.011321,0.010870,0.000129,29.0821,0.7847,18.5044,12.08
1044,0.000008,0.011416,0.010957,0.000132,29.1091,0.7850,18.4086,12.86
1045,0.000008,0.011818,0.011332,0.000141,29.0751,0.7853,18.5119,10.71
1046,0.000008,0.011477,0.011024,0.000132,29.1218,0.7856,18.3985,9.98
1047,0.000008,0.011507,0.011048,0.000134,29.0844,0.7855,18.4552,10.02
1048,0.000008,0.011557,0.011099,0.000134,29.0962,0.7852,18.4358,10.15
1049,0.000008,0.011211,0.010780,0.000127,29.1123,0.7858,18.2998,10.21
1050,0.000008,0.011358,0.010913,0.000132,29.1155,0.7853,18.3674,10.16
1051,0.000008,0.011369,0.010931,0.000130,29.0909,0.7853,18.3917,10.23
1052,0.000008,0.011720,0.011254,0.000139,29.1061,0.7851,18.4388,10.02
1053,0.000008,0.011421,0.010981,0.000132,29.0550,0.7851,18.5189,10.13
1054,0.000008,0.011741,0.011286,0.000137,29.0656,0.7855,18.6082,10.13
1055,0.000008,0.011636,0.011201,0.000132,29.1833,0.7853,18.1559,10.05
1056,0.000008,0.011448,0.011016,0.000132,29.0916,0.7857,18.4425,10.16
1057,0.000008,0.011546,0.011115,0.000132,29.0548,0.7853,18.4602,10.01
1058,0.000008,0.011607,0.011173,0.000134,29.0995,0.7848,18.4787,10.15
1059,0.000008,0.011390,0.010961,0.000133,29.1119,0.7851,18.3541,10.20
1060,0.000008,0.011512,0.011081,0.000134,29.1125,0.7858,18.3489,10.17
1061,0.000008,0.011491,0.011060,0.000134,29.0801,0.7853,18.4704,10.16
1062,0.000008,0.011360,0.010936,0.000133,29.0918,0.7854,18.4390,10.18
1063,0.000008,0.011219,0.010813,0.000128,29.0931,0.7859,18.4082,10.16
1064,0.000008,0.011229,0.010814,0.000132,29.1096,0.7851,18.3284,12.04
1065,0.000008,0.011308,0.010894,0.000132,29.1121,0.7855,18.4608,11.90
1066,0.000008,0.011942,0.011503,0.000141,29.0824,0.7858,18.4203,12.32
1067,0.000008,0.011166,0.010767,0.000128,29.0886,0.7855,18.4287,12.24
1068,0.000008,0.011208,0.010809,0.000129,29.0893,0.7858,18.3746,12.35
1069,0.000008,0.010999,0.010604,0.000128,29.0800,0.7856,18.4942,11.98
1070,0.000008,0.011261,0.010863,0.000130,29.1043,0.7859,18.3460,10.05
1071,0.000008,0.011747,0.011340,0.000134,29.1269,0.7854,18.3802,9.99
1072,0.000008,0.011324,0.010927,0.000131,29.1159,0.7855,18.2998,9.94
1073,0.000008,0.011604,0.011191,0.000137,29.0335,0.7854,18.5506,11.95
1074,0.000008,0.011885,0.011475,0.000137,29.0878,0.7851,18.4220,12.00
1075,0.000008,0.011706,0.011299,0.000137,29.1651,0.7853,18.1643,12.18
1076,0.000008,0.011373,0.010974,0.000134,29.0816,0.7858,18.4813,12.33
1077,0.000008,0.011266,0.010867,0.000135,29.0901,0.7851,18.3959,12.34
1078,0.000008,0.011402,0.010999,0.000137,29.1225,0.7857,18.3846,12.32
1079,0.000008,0.011419,0.011020,0.000136,29.0760,0.7857,18.4518,12.24
1080,0.000008,0.011211,0.010835,0.000130,29.1244,0.7862,18.3043,12.28
1081,0.000008,0.011568,0.011168,0.000139,29.1107,0.7855,18.4204,12.66
1082,0.000008,0.011244,0.010862,0.000133,29.0866,0.7857,18.4435,12.17
1083,0.000008,0.011346,0.010968,0.000133,29.1236,0.7854,18.2956,12.37
1084,0.000008,0.011391,0.011018,0.000131,29.1225,0.7859,18.3465,12.15
1085,0.000008,0.011207,0.010831,0.000133,29.0572,0.7859,18.4830,12.37
1086,0.000008,0.011276,0.010902,0.000134,29.0963,0.7861,18.3910,11.12
1087,0.000008,0.011461,0.011080,0.000136,29.1298,0.7854,18.4291,9.98
1088,0.000008,0.011355,0.010985,0.000133,29.1022,0.7859,18.3362,12.26
1089,0.000008,0.011305,0.010939,0.000133,29.1021,0.7865,18.3689,12.20
1090,0.000008,0.010997,0.010641,0.000130,29.1032,0.7856,18.3463,12.22
1091,0.000008,0.011233,0.010870,0.000133,29.0954,0.7854,18.4684,11.96
1092,0.000008,0.011202,0.010841,0.000133,29.1152,0.7862,18.3636,12.28
1093,0.000008,0.011786,0.011406,0.000141,29.0867,0.7851,18.4766,12.00
1094,0.000008,0.011178,0.010818,0.000134,29.1071,0.7861,18.3848,11.92
1095,0.000008,0.011089,0.010746,0.000129,29.0742,0.7863,18.4585,12.02
1096,0.000008,0.011447,0.011079,0.000139,29.1344,0.7861,18.3823,10.30
1097,0.000008,0.011420,0.011061,0.000136,29.1475,0.7856,18.2143,10.19
1098,0.000008,0.011630,0.011266,0.000139,29.0656,0.7857,18.5391,10.35
1099,0.000008,0.011677,0.011317,0.000138,29.0995,0.7855,18.4490,10.38
1100,0.000008,0.011287,0.010943,0.000133,29.1164,0.7863,18.4103,10.05
1101,0.000008,0.011309,0.010958,0.000137,29.1199,0.7863,18.2473,12.09
1102,0.000008,0.011106,0.010762,0.000135,29.0705,0.7859,18.4950,12.12
1103,0.000008,0.011375,0.011024,0.000138,29.1151,0.7866,18.3860,12.26
1104,0.000008,0.011093,0.010756,0.000134,29.1064,0.7864,18.2905,12.18
1105,0.000008,0.011269,0.010930,0.000136,29.1025,0.7861,18.4132,12.04
1106,0.000008,0.011422,0.011083,0.000137,29.1346,0.7864,18.2680,12.63
1107,0.000008,0.011263,0.010924,0.000137,29.0894,0.7861,18.3250,12.83
1108,0.000008,0.011380,0.011047,0.000136,29.0888,0.7864,18.4700,12.77
1109,0.000008,0.011125,0.010804,0.000131,29.1321,0.7862,18.2484,12.48
1110,0.000008,0.011393,0.011059,0.000138,29.1171,0.7866,18.3188,11.94
1111,0.000008,0.010981,0.010658,0.000134,29.0968,0.7859,18.3893,12.35
1112,0.000008,0.011334,0.011014,0.000134,29.1062,0.7854,18.3847,12.09
1113,0.000008,0.011368,0.011042,0.000137,29.1112,0.7863,18.4033,12.29
1114,0.000008,0.011116,0.010796,0.000136,29.0867,0.7860,18.3504,12.14
1115,0.000008,0.011490,0.011162,0.000140,29.1209,0.7865,18.3707,12.41
1116,0.000008,0.011290,0.010974,0.000136,29.1223,0.7865,18.2601,12.37
1117,0.000008,0.011059,0.010755,0.000131,29.0833,0.7863,18.4204,12.42
1118,0.000008,0.010986,0.010679,0.000134,29.1329,0.7865,18.2784,12.00
1119,0.000008,0.010967,0.010665,0.000132,29.1179,0.7859,18.3416,12.23
1120,0.000008,0.011275,0.010959,0.000140,29.1110,0.7867,18.3502,12.26
1121,0.000008,0.010992,0.010690,0.000134,29.0676,0.7863,18.4650,12.44
1122,0.000008,0.011209,0.010902,0.000137,29.1367,0.7862,18.3605,12.31
1123,0.000008,0.010725,0.010435,0.000130,29.1379,0.7865,18.2420,12.06
1124,0.000008,0.011482,0.011174,0.000140,29.0787,0.7857,18.6009,12.14
1125,0.000008,0.010807,0.010521,0.000131,29.1018,0.7862,18.4114,11.98
1126,0.000008,0.010893,0.010606,0.000132,29.0791,0.7862,18.4366,11.91
1127,0.000008,0.011234,0.010934,0.000139,29.1109,0.7868,18.3818,11.84
1128,0.000008,0.011296,0.011000,0.000138,29.1173,0.7866,18.3212,11.97
1129,0.000008,0.011026,0.010738,0.000136,29.1080,0.7868,18.3051,12.56
1130,0.000008,0.011117,0.010829,0.000137,29.0615,0.7866,18.5389,12.42
1131,0.000008,0.011133,0.010847,0.000137,29.1103,0.7864,18.3101,12.22
1132,0.000008,0.011137,0.010852,0.000137,29.1119,0.7864,18.3542,12.38
1133,0.000008,0.011063,0.010782,0.000136,29.1176,0.7867,18.3444,12.46
1134,0.000008,0.011095,0.010822,0.000134,29.0728,0.7865,18.3981,12.14
1135,0.000008,0.011016,0.010744,0.000134,29.1061,0.7864,18.5050,12.16
1136,0.000008,0.011134,0.010857,0.000137,29.1592,0.7865,18.1944,12.41
1137,0.000008,0.011074,0.010796,0.000139,29.0566,0.7865,18.4658,12.50
1138,0.000008,0.010845,0.010579,0.000134,29.1244,0.7867,18.3839,12.16
1139,0.000008,0.010861,0.010598,0.000134,29.1706,0.7865,18.1589,12.01
1140,0.000008,0.011333,0.011064,0.000138,29.0956,0.7870,18.3862,12.37
1141,0.000008,0.011083,0.010820,0.000136,29.1128,0.7871,18.2076,12.75
1142,0.000008,0.011040,0.010778,0.000136,29.1415,0.7871,18.3883,12.53
1143,0.000008,0.011296,0.011027,0.000141,29.1235,0.7865,18.2432,12.15
1144,0.000008,0.010973,0.010718,0.000135,29.1055,0.7871,18.3401,12.52
1145,0.000008,0.011124,0.010863,0.000139,29.0750,0.7868,18.4539,12.55
1146,0.000008,0.011372,0.011107,0.000143,29.1294,0.7866,18.3611,12.28
1147,0.000008,0.011080,0.010832,0.000135,29.1462,0.7865,18.2191,12.22
1148,0.000008,0.011202,0.010947,0.000139,29.1021,0.7869,18.3433,12.24
1149,0.000008,0.010997,0.010746,0.000139,29.0865,0.7872,18.3358,12.34
1150,0.000008,0.010929,0.010692,0.000133,29.1512,0.7872,18.2076,12.39
1151,0.000008,0.011143,0.010899,0.000137,29.1516,0.7855,18.3149,12.52
1152,0.000008,0.011519,0.011269,0.000142,29.1223,0.7868,18.4477,12.43
1153,0.000008,0.010993,0.010758,0.000134,29.1131,0.7872,18.2259,12.14
1154,0.000008,0.011296,0.011050,0.000143,29.0666,0.7868,18.3056,12.24
1155,0.000008,0.011016,0.010785,0.000135,29.1760,0.7873,18.2362,10.54
1156,0.000008,0.011188,0.010950,0.000140,29.0938,0.7862,18.4195,10.22
1157,0.000008,0.011291,0.011052,0.000142,29.1229,0.7870,18.2379,10.13
1158,0.000008,0.010892,0.010669,0.000134,29.0536,0.7869,18.4202,10.20
1159,0.000008,0.011413,0.011181,0.000141,29.1081,0.7869,18.5371,10.23
1160,0.000008,0.011033,0.010809,0.000137,29.1134,0.7861,18.3292,10.17
1161,0.000008,0.011147,0.010923,0.000138,29.1499,0.7869,18.2067,10.07
1162,0.000008,0.011167,0.010937,0.000143,29.0896,0.7865,18.3728,9.98
1163,0.000008,0.011170,0.010946,0.000141,29.0524,0.7872,18.4960,12.32
1164,0.000008,0.010862,0.010651,0.000135,29.0974,0.7870,18.2722,12.61
1165,0.000008,0.010816,0.010607,0.000134,29.1319,0.7870,18.3918,12.21
1166,0.000008,0.011190,0.010978,0.000138,29.1588,0.7870,18.1769,13.09
1167,0.000008,0.010873,0.010664,0.000137,29.0858,0.7872,18.3598,12.69
1168,0.000008,0.010988,0.010776,0.000140,29.0925,0.7872,18.4275,12.44
1169,0.000008,0.010851,0.010644,0.000138,29.1132,0.7873,18.2345,12.27
1170,0.000008,0.011087,0.010881,0.000140,29.1102,0.7876,18.4273,12.34
1171,0.000008,0.010850,0.010647,0.000139,29.1082,0.7870,18.2793,12.51
1172,0.000008,0.011029,0.010824,0.000142,29.1411,0.7876,18.3316,12.71
1173,0.000008,0.010730,0.010536,0.000136,29.0866,0.7866,18.3107,12.80
1174,0.000008,0.011033,0.010833,0.000141,29.1277,0.7869,18.4048,12.49
1175,0.000008,0.010827,0.010635,0.000137,29.0833,0.7868,18.3666,12.51
1176,0.000008,0.010777,0.010590,0.000136,29.1007,0.7875,18.3753,12.52
1177,0.000008,0.010796,0.010607,0.000139,29.1198,0.7871,18.3394,12.37
1178,0.000008,0.010601,0.010419,0.000134,29.1075,0.7875,18.3623,12.55
1179,0.000008,0.011046,0.010857,0.000142,29.1305,0.7875,18.2521,12.55
1180,0.000008,0.010821,0.010642,0.000136,29.1076,0.7870,18.2790,12.28
1181,0.000008,0.010759,0.010579,0.000139,29.1437,0.7875,18.3558,12.52
1182,0.000008,0.010793,0.010618,0.000136,29.1358,0.7876,18.2134,12.33
1183,0.000008,0.010833,0.010655,0.000140,29.0900,0.7878,18.3047,12.38
1184,0.000008,0.011187,0.011007,0.000143,29.1176,0.7878,18.2161,12.28
1185,0.000008,0.010868,0.010694,0.000140,29.1209,0.7874,18.2749,12.61
1186,0.000008,0.010595,0.010426,0.000138,29.1328,0.7878,18.2201,12.45
1187,0.000008,0.010842,0.010675,0.000138,29.0900,0.7872,18.4283,12.24
1188,0.000008,0.010862,0.010694,0.000141,29.1287,0.7867,18.2653,12.17
1189,0.000008,0.010655,0.010495,0.000136,29.1632,0.7880,18.1662,12.26
1190,0.000008,0.011177,0.011010,0.000144,29.1034,0.7878,18.3685,12.40
1191,0.000008,0.010761,0.010606,0.000136,29.0385,0.7875,18.3855,12.37
1192,0.000008,0.010975,0.010821,0.000137,29.1077,0.7884,18.3515,12.32
1193,0.000008,0.010762,0.010611,0.000137,29.0990,0.7873,18.2898,12.51
1194,0.000008,0.010936,0.010784,0.000139,29.1339,0.7875,18.3202,12.76
1195,0.000008,0.010549,0.010402,0.000137,29.1293,0.7868,18.3369,12.84
1196,0.000008,0.011192,0.011035,0.000147,29.1070,0.7873,18.3302,13.08
1197,0.000008,0.010910,0.010757,0.000146,29.1265,0.7878,18.2490,12.28
1198,0.000008,0.010969,0.010821,0.000144,29.1164,0.7876,18.3059,12.25
1199,0.000008,0.010666,0.010525,0.000139,29.1219,0.7880,18.1795,12.55
1200,0.000002,0.011149,0.011002,0.000146,29.0565,0.7874,18.4415,12.65
